ken_code,sityouson_code,tiiki_code,ken_name,sityouson_name1,sityouson_name2,sityouson_name3,yomigana
01,000,01000,北海道,,,,ほっかいどう
01,100,01100,北海道,札幌市,,,さっぽろし
01,101,01101,北海道,札幌市,,中央区,ちゅうおうく
01,102,01102,北海道,札幌市,,北区,きたく
01,103,01103,北海道,札幌市,,東区,ひがしく
01,104,01104,北海道,札幌市,,白石区,しろいしく
01,105,01105,北海道,札幌市,,豊平区,とよひらく
01,106,01106,北海道,札幌市,,南区,みなみく
01,107,01107,北海道,札幌市,,西区,にしく
01,108,01108,北海道,札幌市,,厚別区,あつべつく
01,109,01109,北海道,札幌市,,手稲区,ていねく
01,110,01110,北海道,札幌市,,清田区,きよたく
01,202,01202,北海道,,,函館市,はこだてし
01,203,01203,北海道,,,小樽市,おたるし
01,204,01204,北海道,,,旭川市,あさひかわし
01,205,01205,北海道,,,室蘭市,むろらんし
01,206,01206,北海道,,,釧路市,くしろし
01,207,01207,北海道,,,帯広市,おびひろし
01,208,01208,北海道,,,北見市,きたみし
01,209,01209,北海道,,,夕張市,ゆうばりし
01,210,01210,北海道,,,岩見沢市,いわみざわし
01,211,01211,北海道,,,網走市,あばしりし
01,212,01212,北海道,,,留萌市,るもいし
01,213,01213,北海道,,,苫小牧市,とまこまいし
01,214,01214,北海道,,,稚内市,わっかないし
01,215,01215,北海道,,,美唄市,びばいし
01,216,01216,北海道,,,芦別市,あしべつし
01,217,01217,北海道,,,江別市,えべつし
01,218,01218,北海道,,,赤平市,あかびらし
01,219,01219,北海道,,,紋別市,もんべつし
01,220,01220,北海道,,,士別市,しべつし
01,221,01221,北海道,,,名寄市,なよろし
01,222,01222,北海道,,,三笠市,みかさし
01,223,01223,北海道,,,根室市,ねむろし
01,224,01224,北海道,,,千歳市,ちとせし
01,225,01225,北海道,,,滝川市,たきかわし
01,226,01226,北海道,,,砂川市,すながわし
01,227,01227,北海道,,,歌志内市,うたしないし
01,228,01228,北海道,,,深川市,ふかがわし
01,229,01229,北海道,,,富良野市,ふらのし
01,230,01230,北海道,,,登別市,のぼりべつし
01,231,01231,北海道,,,恵庭市,えにわし
01,233,01233,北海道,,,伊達市,だてし
01,234,01234,北海道,,,北広島市,きたひろしまし
01,235,01235,北海道,,,石狩市,いしかりし
01,236,01236,北海道,,,北斗市,ほくとし
01,300,01300,北海道,石狩振興局,,,いしかりしんこうきょく
01,303,01303,北海道,石狩振興局,,当別町,とうべつちょう
01,304,01304,北海道,石狩振興局,,新篠津村,しんしのつむら
01,330,01330,北海道,渡島総合振興局,,,おしまそうごうしんこうきょく
01,331,01331,北海道,渡島総合振興局,,松前町,まつまえちょう
01,332,01332,北海道,渡島総合振興局,,福島町,ふくしまちょう
01,333,01333,北海道,渡島総合振興局,,知内町,しりうちちょう
01,334,01334,北海道,渡島総合振興局,,木古内町,きこないちょう
01,337,01337,北海道,渡島総合振興局,,七飯町,ななえちょう
01,343,01343,北海道,渡島総合振興局,,鹿部町,しかべちょう
01,345,01345,北海道,渡島総合振興局,,森町,もりまち
01,346,01346,北海道,渡島総合振興局,,八雲町,やくもちょう
01,347,01347,北海道,渡島総合振興局,,長万部町,おしゃまんべちょう
01,360,01360,北海道,檜山振興局,,,ひやましんこうきょく
01,361,01361,北海道,檜山振興局,,江差町,えさしちょう
01,362,01362,北海道,檜山振興局,,上ノ国町,かみのくにちょう
01,363,01363,北海道,檜山振興局,,厚沢部町,あっさぶちょう
01,364,01364,北海道,檜山振興局,,乙部町,おとべちょう
01,367,01367,北海道,檜山振興局,,奥尻町,おくしりちょう
01,370,01370,北海道,檜山振興局,,今金町,いまかねちょう
01,371,01371,北海道,檜山振興局,,せたな町,せたなちょう
01,390,01390,北海道,後志総合振興局,,,しりべしそうごうしんこうきょく
01,391,01391,北海道,後志総合振興局,,島牧村,しままきむら
01,392,01392,北海道,後志総合振興局,,寿都町,すっつちょう
01,393,01393,北海道,後志総合振興局,,黒松内町,くろまつないちょう
01,394,01394,北海道,後志総合振興局,,蘭越町,らんこしちょう
01,395,01395,北海道,後志総合振興局,,ニセコ町,にせこちょう
01,396,01396,北海道,後志総合振興局,,真狩村,まっかりむら
01,397,01397,北海道,後志総合振興局,,留寿都村,るすつむら
01,398,01398,北海道,後志総合振興局,,喜茂別町,きもべつちょう
01,399,01399,北海道,後志総合振興局,,京極町,きょうごくちょう
01,400,01400,北海道,後志総合振興局,,倶知安町,くっちゃんちょう
01,401,01401,北海道,後志総合振興局,,共和町,きょうわちょう
01,402,01402,北海道,後志総合振興局,,岩内町,いわないちょう
01,403,01403,北海道,後志総合振興局,,泊村,とまりむら
01,404,01404,北海道,後志総合振興局,,神恵内村,かもえないむら
01,405,01405,北海道,後志総合振興局,,積丹町,しゃこたんちょう
01,406,01406,北海道,後志総合振興局,,古平町,ふるびらちょう
01,407,01407,北海道,後志総合振興局,,仁木町,にきちょう
01,408,01408,北海道,後志総合振興局,,余市町,よいちちょう
01,409,01409,北海道,後志総合振興局,,赤井川村,あかいがわむら
01,420,01420,北海道,空知総合振興局,,,そらちそうごうしんこうきょく
01,423,01423,北海道,空知総合振興局,,南幌町,なんぽろちょう
01,424,01424,北海道,空知総合振興局,,奈井江町,ないえちょう
01,425,01425,北海道,空知総合振興局,,上砂川町,かみすながわちょう
01,427,01427,北海道,空知総合振興局,,由仁町,ゆにちょう
01,428,01428,北海道,空知総合振興局,,長沼町,ながぬまちょう
01,429,01429,北海道,空知総合振興局,,栗山町,くりやまちょう
01,430,01430,北海道,空知総合振興局,,月形町,つきがたちょう
01,431,01431,北海道,空知総合振興局,,浦臼町,うらうすちょう
01,432,01432,北海道,空知総合振興局,,新十津川町,しんとつかわちょう
01,433,01433,北海道,空知総合振興局,,妹背牛町,もせうしちょう
01,434,01434,北海道,空知総合振興局,,秩父別町,ちっぷべつちょう
01,436,01436,北海道,空知総合振興局,,雨竜町,うりゅうちょう
01,437,01437,北海道,空知総合振興局,,北竜町,ほくりゅうちょう
01,438,01438,北海道,空知総合振興局,,沼田町,ぬまたちょう
01,450,01450,北海道,上川総合振興局,,,かみかわそうごうしんこうきょく
01,452,01452,北海道,上川総合振興局,,鷹栖町,たかすちょう
01,453,01453,北海道,上川総合振興局,,東神楽町,ひがしかぐらちょう
01,454,01454,北海道,上川総合振興局,,当麻町,とうまちょう
01,455,01455,北海道,上川総合振興局,,比布町,ぴっぷちょう
01,456,01456,北海道,上川総合振興局,,愛別町,あいベつちょう
01,457,01457,北海道,上川総合振興局,,上川町,かみかわちょう
01,458,01458,北海道,上川総合振興局,,東川町,ひがしかわちょう
01,459,01459,北海道,上川総合振興局,,美瑛町,びえいちょう
01,460,01460,北海道,上川総合振興局,,上富良野町,かみふらのちょう
01,461,01461,北海道,上川総合振興局,,中富良野町,なかふらのちょう
01,462,01462,北海道,上川総合振興局,,南富良野町,みなみふらのちょう
01,463,01463,北海道,上川総合振興局,,占冠村,しむかっぷむら
01,464,01464,北海道,上川総合振興局,,和寒町,わっさむちょう
01,465,01465,北海道,上川総合振興局,,剣淵町,けんぶちちょう
01,468,01468,北海道,上川総合振興局,,下川町,しもかわちょう
01,469,01469,北海道,上川総合振興局,,美深町,びふかちょう
01,470,01470,北海道,上川総合振興局,,音威子府村,おといねっぷむら
01,471,01471,北海道,上川総合振興局,,中川町,なかがわちょう
01,472,01472,北海道,上川総合振興局,,幌加内町,ほろかないちょう
01,480,01480,北海道,留萌振興局,,,るもいしんこうきょく
01,481,01481,北海道,留萌振興局,,増毛町,ましけちょう
01,482,01482,北海道,留萌振興局,,小平町,おびらちょう
01,483,01483,北海道,留萌振興局,,苫前町,とままえちょう
01,484,01484,北海道,留萌振興局,,羽幌町,はぼろちょう
01,485,01485,北海道,留萌振興局,,初山別村,しょさんべつむら
01,486,01486,北海道,留萌振興局,,遠別町,えんべつちょう
01,487,01487,北海道,留萌振興局,,天塩町,てしおちょう
01,510,01510,北海道,宗谷総合振興局,,,そうやそうごうしんこうきょく
01,511,01511,北海道,宗谷総合振興局,,猿払村,さるふつむら
01,512,01512,北海道,宗谷総合振興局,,浜頓別町,はまとんべつちょう
01,513,01513,北海道,宗谷総合振興局,,中頓別町,なかとんべつちょう
01,514,01514,北海道,宗谷総合振興局,,枝幸町,えさしちょう
01,516,01516,北海道,宗谷総合振興局,,豊富町,とよとみちょう
01,517,01517,北海道,宗谷総合振興局,,礼文町,れぶんちょう
01,518,01518,北海道,宗谷総合振興局,,利尻町,りしりちょう
01,519,01519,北海道,宗谷総合振興局,,利尻富士町,りしりふじちょう
01,520,01520,北海道,宗谷総合振興局,,幌延町,ほろのべちょう
01,540,01540,北海道,オホーツク総合振興局,,,おほーつくそうごうしんこうきょく
01,543,01543,北海道,オホーツク総合振興局,,美幌町,びほろちょう
01,544,01544,北海道,オホーツク総合振興局,,津別町,つべつちょう
01,545,01545,北海道,オホーツク総合振興局,,斜里町,しゃりちょう
01,546,01546,北海道,オホーツク総合振興局,,清里町,きよさとちょう
01,547,01547,北海道,オホーツク総合振興局,,小清水町,こしみずちょう
01,549,01549,北海道,オホーツク総合振興局,,訓子府町,くんねっぷちょう
01,550,01550,北海道,オホーツク総合振興局,,置戸町,おけとちょう
01,552,01552,北海道,オホーツク総合振興局,,佐呂間町,さろまちょう
01,555,01555,北海道,オホーツク総合振興局,,遠軽町,えんがるちょう
01,559,01559,北海道,オホーツク総合振興局,,湧別町,ゆうべつちょう
01,560,01560,北海道,オホーツク総合振興局,,滝上町,たきのうえちょう
01,561,01561,北海道,オホーツク総合振興局,,興部町,おこっぺちょう
01,562,01562,北海道,オホーツク総合振興局,,西興部村,にしおこっぺむら
01,563,01563,北海道,オホーツク総合振興局,,雄武町,おうむちょう
01,564,01564,北海道,オホーツク総合振興局,,大空町,おおぞらちょう
01,570,01570,北海道,胆振総合振興局,,,いぶりそうごうしんこうきょく
01,571,01571,北海道,胆振総合振興局,,豊浦町,とようらちょう
01,575,01575,北海道,胆振総合振興局,,壮瞥町,そうべつちょう
01,578,01578,北海道,胆振総合振興局,,白老町,しらおいちょう
01,581,01581,北海道,胆振総合振興局,,厚真町,あつまちょう
01,584,01584,北海道,胆振総合振興局,,洞爺湖町,とうやこちょう
01,585,01585,北海道,胆振総合振興局,,安平町,あびらちょう
01,586,01586,北海道,胆振総合振興局,,むかわ町,むかわちょう
01,600,01600,北海道,日高振興局,,,ひだかしんこうきょく
01,601,01601,北海道,日高振興局,,日高町,ひだかちょう
01,602,01602,北海道,日高振興局,,平取町,びらとりちょう
01,604,01604,北海道,日高振興局,,新冠町,にいかっぷちょう
01,607,01607,北海道,日高振興局,,浦河町,うらかわちょう
01,608,01608,北海道,日高振興局,,様似町,さまにちょう
01,609,01609,北海道,日高振興局,,えりも町,えりもちょう
01,610,01610,北海道,日高振興局,,新ひだか町,しんひだかちょう
01,630,01630,北海道,十勝総合振興局,,,とかちそうごうしんこうきょく
01,631,01631,北海道,十勝総合振興局,,音更町,おとふけちょう
01,632,01632,北海道,十勝総合振興局,,士幌町,しほろちょう
01,633,01633,北海道,十勝総合振興局,,上士幌町,かみしほろちょう
01,634,01634,北海道,十勝総合振興局,,鹿追町,しかおいちょう
01,635,01635,北海道,十勝総合振興局,,新得町,しんとくちょう
01,636,01636,北海道,十勝総合振興局,,清水町,しみずちょう
01,637,01637,北海道,十勝総合振興局,,芽室町,めむろちょう
01,638,01638,北海道,十勝総合振興局,,中札内村,なかさつないむら
01,639,01639,北海道,十勝総合振興局,,更別村,さらべつむら
01,641,01641,北海道,十勝総合振興局,,大樹町,たいきちょう
01,642,01642,北海道,十勝総合振興局,,広尾町,ひろおちょう
01,643,01643,北海道,十勝総合振興局,,幕別町,まくべつちょう
01,644,01644,北海道,十勝総合振興局,,池田町,いけだちょう
01,645,01645,北海道,十勝総合振興局,,豊頃町,とよころちょう
01,646,01646,北海道,十勝総合振興局,,本別町,ほんべつちょう
01,647,01647,北海道,十勝総合振興局,,足寄町,あしょろちょう
01,648,01648,北海道,十勝総合振興局,,陸別町,りくべつちょう
01,649,01649,北海道,十勝総合振興局,,浦幌町,うらほろちょう
01,660,01660,北海道,釧路総合振興局,,,くしろそうごうしんこうきょく
01,661,01661,北海道,釧路総合振興局,,釧路町,くしろちょう
01,662,01662,北海道,釧路総合振興局,,厚岸町,あっけしちょう
01,663,01663,北海道,釧路総合振興局,,浜中町,はまなかちょう
01,664,01664,北海道,釧路総合振興局,,標茶町,しべちゃちょう
01,665,01665,北海道,釧路総合振興局,,弟子屈町,てしかがちょう
01,667,01667,北海道,釧路総合振興局,,鶴居村,つるいむら
01,668,01668,北海道,釧路総合振興局,,白糠町,しらぬかちょう
01,690,01690,北海道,根室振興局,,,ねむろしんこうきょく
01,691,01691,北海道,根室振興局,,別海町,べっかいちょう
01,692,01692,北海道,根室振興局,,中標津町,なかしべつちょう
01,693,01693,北海道,根室振興局,,標津町,しべつちょう
01,694,01694,北海道,根室振興局,,羅臼町,らうすちょう
01,695,01695,北海道,根室振興局,,色丹村,しこたんむら
01,696,01696,北海道,根室振興局,,泊村,とまりむら
01,697,01697,北海道,根室振興局,,留夜別村,るよべつむら
01,698,01698,北海道,根室振興局,,留別村,るべつむら
01,699,01699,北海道,根室振興局,,紗那村,しゃなむら
01,700,01700,北海道,根室振興局,,蘂取村,しべとろむら
02,000,02000,青森県,,,,あおもりけん
02,201,02201,青森県,,,青森市,あおもりし
02,202,02202,青森県,,,弘前市,ひろさきし
02,203,02203,青森県,,,八戸市,はちのへし
02,204,02204,青森県,,,黒石市,くろいしし
02,205,02205,青森県,,,五所川原市,ごしょがわらし
02,206,02206,青森県,,,十和田市,とわだし
02,207,02207,青森県,,,三沢市,みさわし
02,208,02208,青森県,,,むつ市,むつし
02,209,02209,青森県,,,つがる市,つがるし
02,210,02210,青森県,,,平川市,ひらかわし
02,300,02300,青森県,東津軽郡,,,ひがしつがるぐん
02,301,02301,青森県,東津軽郡,,平内町,ひらないまち
02,303,02303,青森県,東津軽郡,,今別町,いまべつまち
02,304,02304,青森県,東津軽郡,,蓬田村,よもぎたむら
02,307,02307,青森県,東津軽郡,,外ヶ浜町,そとがはままち
02,320,02320,青森県,西津軽郡,,,にしつがるぐん
02,321,02321,青森県,西津軽郡,,鰺ヶ沢町,あじがさわまち
02,323,02323,青森県,西津軽郡,,深浦町,ふかうらまち
02,340,02340,青森県,中津軽郡,,,なかつがるぐん
02,343,02343,青森県,中津軽郡,,西目屋村,にしめやむら
02,360,02360,青森県,南津軽郡,,,みなみつがるぐん
02,361,02361,青森県,南津軽郡,,藤崎町,ふじさきまち
02,362,02362,青森県,南津軽郡,,大鰐町,おおわにまち
02,367,02367,青森県,南津軽郡,,田舎館村,いなかだてむら
02,380,02380,青森県,北津軽郡,,,きたつがるぐん
02,381,02381,青森県,北津軽郡,,板柳町,いたやなぎまち
02,384,02384,青森県,北津軽郡,,鶴田町,つるたまち
02,387,02387,青森県,北津軽郡,,中泊町,なかどまりまち
02,400,02400,青森県,上北郡,,,かみきたぐん
02,401,02401,青森県,上北郡,,野辺地町,のへじまち
02,402,02402,青森県,上北郡,,七戸町,しちのへまち
02,405,02405,青森県,上北郡,,六戸町,ろくのへまち
02,406,02406,青森県,上北郡,,横浜町,よこはままち
02,408,02408,青森県,上北郡,,東北町,とうほくまち
02,411,02411,青森県,上北郡,,六ヶ所村,ろっかしょむら
02,412,02412,青森県,上北郡,,おいらせ町,おいらせちょう
02,420,02420,青森県,下北郡,,,しもきたぐん
02,423,02423,青森県,下北郡,,大間町,おおままち
02,424,02424,青森県,下北郡,,東通村,ひがしどおりむら
02,425,02425,青森県,下北郡,,風間浦村,かざまうらむら
02,426,02426,青森県,下北郡,,佐井村,さいむら
02,440,02440,青森県,三戸郡,,,さんのへぐん
02,441,02441,青森県,三戸郡,,三戸町,さんのへまち
02,442,02442,青森県,三戸郡,,五戸町,ごのへまち
02,443,02443,青森県,三戸郡,,田子町,たつこまち
02,445,02445,青森県,三戸郡,,南部町,なんぶまち
02,446,02446,青森県,三戸郡,,階上町,はしかみちょう
02,450,02450,青森県,三戸郡,,新郷村,しんごうむら
03,000,03000,岩手県,,,,いわてけん
03,201,03201,岩手県,,,盛岡市,もりおかし
03,202,03202,岩手県,,,宮古市,みやこし
03,203,03203,岩手県,,,大船渡市,おおふなとし
03,205,03205,岩手県,,,花巻市,はなまきし
03,206,03206,岩手県,,,北上市,きたかみし
03,207,03207,岩手県,,,久慈市,くじし
03,208,03208,岩手県,,,遠野市,とおのし
03,209,03209,岩手県,,,一関市,いちのせきし
03,210,03210,岩手県,,,陸前高田市,りくぜんたかたし
03,211,03211,岩手県,,,釜石市,かまいしし
03,213,03213,岩手県,,,二戸市,にのへし
03,214,03214,岩手県,,,八幡平市,はちまんたいし
03,215,03215,岩手県,,,奥州市,おうしゅうし
03,216,03216,岩手県,,,滝沢市,たきざわし
03,300,03300,岩手県,岩手郡,,,いわてぐん
03,301,03301,岩手県,岩手郡,,雫石町,しずくいしちょう
03,302,03302,岩手県,岩手郡,,葛巻町,くずまきまち
03,303,03303,岩手県,岩手郡,,岩手町,いわてまち
03,320,03320,岩手県,紫波郡,,,しわぐん
03,321,03321,岩手県,紫波郡,,紫波町,しわちょう
03,322,03322,岩手県,紫波郡,,矢巾町,やはばちょう
03,360,03360,岩手県,和賀郡,,,わがぐん
03,366,03366,岩手県,和賀郡,,西和賀町,にしわがまち
03,380,03380,岩手県,胆沢郡,,,いさわぐん
03,381,03381,岩手県,胆沢郡,,金ケ崎町,かねがさきちょう
03,400,03400,岩手県,西磐井郡,,,にしいわいぐん
03,402,03402,岩手県,西磐井郡,,平泉町,ひらいずみちょう
03,440,03440,岩手県,気仙郡,,,けせんぐん
03,441,03441,岩手県,気仙郡,,住田町,すみたちょう
03,460,03460,岩手県,上閉伊郡,,,かみへいぐん
03,461,03461,岩手県,上閉伊郡,,大槌町,おおつちちょう
03,480,03480,岩手県,下閉伊郡,,,しもへいぐん
03,482,03482,岩手県,下閉伊郡,,山田町,やまだまち
03,483,03483,岩手県,下閉伊郡,,岩泉町,いわいずみちょう
03,484,03484,岩手県,下閉伊郡,,田野畑村,たのはたむら
03,485,03485,岩手県,下閉伊郡,,普代村,ふだいむら
03,500,03500,岩手県,九戸郡,,,くのへぐん
03,501,03501,岩手県,九戸郡,,軽米町,かるまいまち
03,503,03503,岩手県,九戸郡,,野田村,のだむら
03,506,03506,岩手県,九戸郡,,九戸村,くのへむら
03,507,03507,岩手県,九戸郡,,洋野町,ひろのちょう
03,520,03520,岩手県,二戸郡,,,にのへぐん
03,524,03524,岩手県,二戸郡,,一戸町,いちのへまち
04,000,04000,宮城県,,,,みやぎけん
04,100,04100,宮城県,仙台市,,,せんだいし
04,101,04101,宮城県,仙台市,,青葉区,あおばく
04,102,04102,宮城県,仙台市,,宮城野区,みやぎのく
04,103,04103,宮城県,仙台市,,若林区,わかばやしく
04,104,04104,宮城県,仙台市,,太白区,たいはくく
04,105,04105,宮城県,仙台市,,泉区,いずみく
04,202,04202,宮城県,,,石巻市,いしのまきし
04,203,04203,宮城県,,,塩竈市,しおがまし
04,205,04205,宮城県,,,気仙沼市,けせんぬまし
04,206,04206,宮城県,,,白石市,しろいしし
04,207,04207,宮城県,,,名取市,なとりし
04,208,04208,宮城県,,,角田市,かくだし
04,209,04209,宮城県,,,多賀城市,たがじょうし
04,211,04211,宮城県,,,岩沼市,いわぬまし
04,212,04212,宮城県,,,登米市,とめし
04,213,04213,宮城県,,,栗原市,くりはらし
04,214,04214,宮城県,,,東松島市,ひがしまつしまし
04,215,04215,宮城県,,,大崎市,おおさきし
04,216,04216,宮城県,,,富谷市,とみやし
04,300,04300,宮城県,刈田郡,,,かったぐん
04,301,04301,宮城県,刈田郡,,蔵王町,ざおうまち
04,302,04302,宮城県,刈田郡,,七ヶ宿町,しちかしゅくまち
04,320,04320,宮城県,柴田郡,,,しばたぐん
04,321,04321,宮城県,柴田郡,,大河原町,おおがわらまち
04,322,04322,宮城県,柴田郡,,村田町,むらたまち
04,323,04323,宮城県,柴田郡,,柴田町,しばたまち
04,324,04324,宮城県,柴田郡,,川崎町,かわさきまち
04,340,04340,宮城県,伊具郡,,,いぐぐん
04,341,04341,宮城県,伊具郡,,丸森町,まるもりまち
04,360,04360,宮城県,亘理郡,,,わたりぐん
04,361,04361,宮城県,亘理郡,,亘理町,わたりちょう
04,362,04362,宮城県,亘理郡,,山元町,やまもとちょう
04,400,04400,宮城県,宮城郡,,,みやぎぐん
04,401,04401,宮城県,宮城郡,,松島町,まつしままち
04,404,04404,宮城県,宮城郡,,七ヶ浜町,しちがはままち
04,406,04406,宮城県,宮城郡,,利府町,りふちょう
04,420,04420,宮城県,黒川郡,,,くろかわぐん
04,421,04421,宮城県,黒川郡,,大和町,たいわちょう
04,422,04422,宮城県,黒川郡,,大郷町,おおさとちょう
04,424,04424,宮城県,黒川郡,,大衡村,おおひらむら
04,440,04440,宮城県,加美郡,,,かみぐん
04,444,04444,宮城県,加美郡,,色麻町,しかまちょう
04,445,04445,宮城県,加美郡,,加美町,かみまち
04,500,04500,宮城県,遠田郡,,,とおだぐん
04,501,04501,宮城県,遠田郡,,涌谷町,わくやちょう
04,505,04505,宮城県,遠田郡,,美里町,みさとまち
04,580,04580,宮城県,牡鹿郡,,,おしかぐん
04,581,04581,宮城県,牡鹿郡,,女川町,おながわちょう
04,600,04600,宮城県,本吉郡,,,もとよしぐん
04,606,04606,宮城県,本吉郡,,南三陸町,みなみさんりくちょう
05,000,05000,秋田県,,,,あきたけん
05,201,05201,秋田県,,,秋田市,あきたし
05,202,05202,秋田県,,,能代市,のしろし
05,203,05203,秋田県,,,横手市,よこてし
05,204,05204,秋田県,,,大館市,おおだてし
05,206,05206,秋田県,,,男鹿市,おがし
05,207,05207,秋田県,,,湯沢市,ゆざわし
05,209,05209,秋田県,,,鹿角市,かづのし
05,210,05210,秋田県,,,由利本荘市,ゆりほんじょうし
05,211,05211,秋田県,,,潟上市,かたがみし
05,212,05212,秋田県,,,大仙市,だいせんし
05,213,05213,秋田県,,,北秋田市,きたあきたし
05,214,05214,秋田県,,,にかほ市,にかほし
05,215,05215,秋田県,,,仙北市,せんぼくし
05,300,05300,秋田県,鹿角郡,,,かづのぐん
05,303,05303,秋田県,鹿角郡,,小坂町,こさかまち
05,320,05320,秋田県,北秋田郡,,,きたあきたぐん
05,327,05327,秋田県,北秋田郡,,上小阿仁村,かみこあにむら
05,340,05340,秋田県,山本郡,,,やまもとぐん
05,346,05346,秋田県,山本郡,,藤里町,ふじさとまち
05,348,05348,秋田県,山本郡,,三種町,みたねちょう
05,349,05349,秋田県,山本郡,,八峰町,はっぽうちょう
05,360,05360,秋田県,南秋田郡,,,みなみあきたぐん
05,361,05361,秋田県,南秋田郡,,五城目町,ごじょうめまち
05,363,05363,秋田県,南秋田郡,,八郎潟町,はちろうがたまち
05,366,05366,秋田県,南秋田郡,,井川町,いかわまち
05,368,05368,秋田県,南秋田郡,,大潟村,おおがたむら
05,420,05420,秋田県,仙北郡,,,せんぼくぐん
05,434,05434,秋田県,仙北郡,,美郷町,みさとちょう
05,460,05460,秋田県,雄勝郡,,,おがちぐん
05,463,05463,秋田県,雄勝郡,,羽後町,うごまち
05,464,05464,秋田県,雄勝郡,,東成瀬村,ひがしなるせむら
06,000,06000,山形県,,,,やまがたけん
06,201,06201,山形県,,,山形市,やまがたし
06,202,06202,山形県,,,米沢市,よねざわし
06,203,06203,山形県,,,鶴岡市,つるおかし
06,204,06204,山形県,,,酒田市,さかたし
06,205,06205,山形県,,,新庄市,しんじょうし
06,206,06206,山形県,,,寒河江市,さがえし
06,207,06207,山形県,,,上山市,かみのやまし
06,208,06208,山形県,,,村山市,むらやまし
06,209,06209,山形県,,,長井市,ながいし
06,210,06210,山形県,,,天童市,てんどうし
06,211,06211,山形県,,,東根市,ひがしねし
06,212,06212,山形県,,,尾花沢市,おばなざわし
06,213,06213,山形県,,,南陽市,なんようし
06,300,06300,山形県,東村山郡,,,ひがしむらやまぐん
06,301,06301,山形県,東村山郡,,山辺町,やまのべまち
06,302,06302,山形県,東村山郡,,中山町,なかやままち
06,320,06320,山形県,西村山郡,,,にしむらやまぐん
06,321,06321,山形県,西村山郡,,河北町,かほくちょう
06,322,06322,山形県,西村山郡,,西川町,にしかわまち
06,323,06323,山形県,西村山郡,,朝日町,あさひまち
06,324,06324,山形県,西村山郡,,大江町,おおえまち
06,340,06340,山形県,北村山郡,,,きたむらやまぐん
06,341,06341,山形県,北村山郡,,大石田町,おおいしだまち
06,360,06360,山形県,最上郡,,,もがみぐん
06,361,06361,山形県,最上郡,,金山町,かねやままち
06,362,06362,山形県,最上郡,,最上町,もがみまち
06,363,06363,山形県,最上郡,,舟形町,ふながたまち
06,364,06364,山形県,最上郡,,真室川町,まむろがわまち
06,365,06365,山形県,最上郡,,大蔵村,おおくらむら
06,366,06366,山形県,最上郡,,鮭川村,さけがわむら
06,367,06367,山形県,最上郡,,戸沢村,とざわむら
06,380,06380,山形県,東置賜郡,,,ひがしおきたまぐん
06,381,06381,山形県,東置賜郡,,高畠町,たかはたまち
06,382,06382,山形県,東置賜郡,,川西町,かわにしまち
06,400,06400,山形県,西置賜郡,,,にしおきたまぐん
06,401,06401,山形県,西置賜郡,,小国町,おぐにまち
06,402,06402,山形県,西置賜郡,,白鷹町,しらたかまち
06,403,06403,山形県,西置賜郡,,飯豊町,いいでまち
06,420,06420,山形県,東田川郡,,,ひがしたがわぐん
06,426,06426,山形県,東田川郡,,三川町,みかわまち
06,428,06428,山形県,東田川郡,,庄内町,しょうないまち
06,460,06460,山形県,飽海郡,,,あくみぐん
06,461,06461,山形県,飽海郡,,遊佐町,ゆざまち
07,000,07000,福島県,,,,ふくしまけん
07,201,07201,福島県,,,福島市,ふくしまし
07,202,07202,福島県,,,会津若松市,あいづわかまつし
07,203,07203,福島県,,,郡山市,こおりやまし
07,204,07204,福島県,,,いわき市,いわきし
07,205,07205,福島県,,,白河市,しらかわし
07,207,07207,福島県,,,須賀川市,すかがわし
07,208,07208,福島県,,,喜多方市,きたかたし
07,209,07209,福島県,,,相馬市,そうまし
07,210,07210,福島県,,,二本松市,にほんまつし
07,211,07211,福島県,,,田村市,たむらし
07,212,07212,福島県,,,南相馬市,みなみそうまし
07,213,07213,福島県,,,伊達市,だてし
07,214,07214,福島県,,,本宮市,もとみやし
07,300,07300,福島県,伊達郡,,,だてぐん
07,301,07301,福島県,伊達郡,,桑折町,こおりまち
07,303,07303,福島県,伊達郡,,国見町,くにみまち
07,308,07308,福島県,伊達郡,,川俣町,かわまたまち
07,320,07320,福島県,安達郡,,,あだちぐん
07,322,07322,福島県,安達郡,,大玉村,おおたまむら
07,340,07340,福島県,岩瀬郡,,,いわせぐん
07,342,07342,福島県,岩瀬郡,,鏡石町,かがみいしまち
07,344,07344,福島県,岩瀬郡,,天栄村,てんえいむら
07,360,07360,福島県,南会津郡,,,みなみあいづぐん
07,362,07362,福島県,南会津郡,,下郷町,しもごうまち
07,364,07364,福島県,南会津郡,,檜枝岐村,ひのえまたむら
07,367,07367,福島県,南会津郡,,只見町,ただみまち
07,368,07368,福島県,南会津郡,,南会津町,みなみあいづまち
07,400,07400,福島県,耶麻郡,,,やまぐん
07,402,07402,福島県,耶麻郡,,北塩原村,きたしおばらむら
07,405,07405,福島県,耶麻郡,,西会津町,にしあいづまち
07,407,07407,福島県,耶麻郡,,磐梯町,ばんだいまち
07,408,07408,福島県,耶麻郡,,猪苗代町,いなわしろまち
07,420,07420,福島県,河沼郡,,,かわぬまぐん
07,421,07421,福島県,河沼郡,,会津坂下町,あいづばんげまち
07,422,07422,福島県,河沼郡,,湯川村,ゆがわむら
07,423,07423,福島県,河沼郡,,柳津町,やないづまち
07,440,07440,福島県,大沼郡,,,おおぬまぐん
07,444,07444,福島県,大沼郡,,三島町,みしままち
07,445,07445,福島県,大沼郡,,金山町,かねやままち
07,446,07446,福島県,大沼郡,,昭和村,しょうわむら
07,447,07447,福島県,大沼郡,,会津美里町,あいづみさとまち
07,460,07460,福島県,西白河郡,,,にししらかわぐん
07,461,07461,福島県,西白河郡,,西郷村,にしごうむら
07,464,07464,福島県,西白河郡,,泉崎村,いずみざきむら
07,465,07465,福島県,西白河郡,,中島村,なかじまむら
07,466,07466,福島県,西白河郡,,矢吹町,やぶきまち
07,480,07480,福島県,東白川郡,,,ひがししらかわぐん
07,481,07481,福島県,東白川郡,,棚倉町,たなぐらまち
07,482,07482,福島県,東白川郡,,矢祭町,やまつりまち
07,483,07483,福島県,東白川郡,,塙町,はなわまち
07,484,07484,福島県,東白川郡,,鮫川村,さめがわむら
07,500,07500,福島県,石川郡,,,いしかわぐん
07,501,07501,福島県,石川郡,,石川町,いしかわまち
07,502,07502,福島県,石川郡,,玉川村,たまかわむら
07,503,07503,福島県,石川郡,,平田村,ひらたむら
07,504,07504,福島県,石川郡,,浅川町,あさかわまち
07,505,07505,福島県,石川郡,,古殿町,ふるどのまち
07,520,07520,福島県,田村郡,,,たむらぐん
07,521,07521,福島県,田村郡,,三春町,みはるまち
07,522,07522,福島県,田村郡,,小野町,おのまち
07,540,07540,福島県,双葉郡,,,ふたばぐん
07,541,07541,福島県,双葉郡,,広野町,ひろのまち
07,542,07542,福島県,双葉郡,,楢葉町,ならはまち
07,543,07543,福島県,双葉郡,,富岡町,とみおかまち
07,544,07544,福島県,双葉郡,,川内村,かわうちむら
07,545,07545,福島県,双葉郡,,大熊町,おおくままち
07,546,07546,福島県,双葉郡,,双葉町,ふたばまち
07,547,07547,福島県,双葉郡,,浪江町,なみえまち
07,548,07548,福島県,双葉郡,,葛尾村,かつらおむら
07,560,07560,福島県,相馬郡,,,そうまぐん
07,561,07561,福島県,相馬郡,,新地町,しんちまち
07,564,07564,福島県,相馬郡,,飯舘村,いいたてむら
08,000,08000,茨城県,,,,いばらきけん
08,201,08201,茨城県,,,水戸市,みとし
08,202,08202,茨城県,,,日立市,ひたちし
08,203,08203,茨城県,,,土浦市,つちうらし
08,204,08204,茨城県,,,古河市,こがし
08,205,08205,茨城県,,,石岡市,いしおかし
08,207,08207,茨城県,,,結城市,ゆうきし
08,208,08208,茨城県,,,龍ケ崎市,りゅうがさきし
08,210,08210,茨城県,,,下妻市,しもつまし
08,211,08211,茨城県,,,常総市,じょうそうし
08,212,08212,茨城県,,,常陸太田市,ひたちおおたし
08,214,08214,茨城県,,,高萩市,たかはぎし
08,215,08215,茨城県,,,北茨城市,きたいばらきし
08,216,08216,茨城県,,,笠間市,かさまし
08,217,08217,茨城県,,,取手市,とりでし
08,219,08219,茨城県,,,牛久市,うしくし
08,220,08220,茨城県,,,つくば市,つくばし
08,221,08221,茨城県,,,ひたちなか市,ひたちなかし
08,222,08222,茨城県,,,鹿嶋市,かしまし
08,223,08223,茨城県,,,潮来市,いたこし
08,224,08224,茨城県,,,守谷市,もりやし
08,225,08225,茨城県,,,常陸大宮市,ひたちおおみやし
08,226,08226,茨城県,,,那珂市,なかし
08,227,08227,茨城県,,,筑西市,ちくせいし
08,228,08228,茨城県,,,坂東市,ばんどうし
08,229,08229,茨城県,,,稲敷市,いなしきし
08,230,08230,茨城県,,,かすみがうら市,かすみがうらし
08,231,08231,茨城県,,,桜川市,さくらがわし
08,232,08232,茨城県,,,神栖市,かみすし
08,233,08233,茨城県,,,行方市,なめがたし
08,234,08234,茨城県,,,鉾田市,ほこたし
08,235,08235,茨城県,,,つくばみらい市,つくばみらいし
08,236,08236,茨城県,,,小美玉市,おみたまし
08,300,08300,茨城県,東茨城郡,,,ひがしいばらきぐん
08,302,08302,茨城県,東茨城郡,,茨城町,いばらきまち
08,309,08309,茨城県,東茨城郡,,大洗町,おおあらいまち
08,310,08310,茨城県,東茨城郡,,城里町,しろさとまち
08,340,08340,茨城県,那珂郡,,,なかぐん
08,341,08341,茨城県,那珂郡,,東海村,とうかいむら
08,360,08360,茨城県,久慈郡,,,くじぐん
08,364,08364,茨城県,久慈郡,,大子町,だいごまち
08,440,08440,茨城県,稲敷郡,,,いなしきぐん
08,442,08442,茨城県,稲敷郡,,美浦村,みほむら
08,443,08443,茨城県,稲敷郡,,阿見町,あみまち
08,447,08447,茨城県,稲敷郡,,河内町,かわちまち
08,520,08520,茨城県,結城郡,,,ゆうきぐん
08,521,08521,茨城県,結城郡,,八千代町,やちよまち
08,540,08540,茨城県,猿島郡,,,さしまぐん
08,542,08542,茨城県,猿島郡,,五霞町,ごかまち
08,546,08546,茨城県,猿島郡,,境町,さかいまち
08,560,08560,茨城県,北相馬郡,,,きたそうまぐん
08,564,08564,茨城県,北相馬郡,,利根町,とねまち
09,000,09000,栃木県,,,,とちぎけん
09,201,09201,栃木県,,,宇都宮市,うつのみやし
09,202,09202,栃木県,,,足利市,あしかがし
09,203,09203,栃木県,,,栃木市,とちぎし
09,204,09204,栃木県,,,佐野市,さのし
09,205,09205,栃木県,,,鹿沼市,かぬまし
09,206,09206,栃木県,,,日光市,にっこうし
09,208,09208,栃木県,,,小山市,おやまし
09,209,09209,栃木県,,,真岡市,もおかし
09,210,09210,栃木県,,,大田原市,おおたわらし
09,211,09211,栃木県,,,矢板市,やいたし
09,213,09213,栃木県,,,那須塩原市,なすしおばらし
09,214,09214,栃木県,,,さくら市,さくらし
09,215,09215,栃木県,,,那須烏山市,なすからすやまし
09,216,09216,栃木県,,,下野市,しもつけし
09,300,09300,栃木県,河内郡,,,かわちぐん
09,301,09301,栃木県,河内郡,,上三川町,かみのかわまち
09,340,09340,栃木県,芳賀郡,,,はがぐん
09,342,09342,栃木県,芳賀郡,,益子町,ましこまち
09,343,09343,栃木県,芳賀郡,,茂木町,もてぎまち
09,344,09344,栃木県,芳賀郡,,市貝町,いちかいまち
09,345,09345,栃木県,芳賀郡,,芳賀町,はがまち
09,360,09360,栃木県,下都賀郡,,,しもつがぐん
09,361,09361,栃木県,下都賀郡,,壬生町,みぶまち
09,364,09364,栃木県,下都賀郡,,野木町,のぎまち
09,380,09380,栃木県,塩谷郡,,,しおやぐん
09,384,09384,栃木県,塩谷郡,,塩谷町,しおやまち
09,386,09386,栃木県,塩谷郡,,高根沢町,たかねざわまち
09,400,09400,栃木県,那須郡,,,なすぐん
09,407,09407,栃木県,那須郡,,那須町,なすまち
09,411,09411,栃木県,那須郡,,那珂川町,なかがわまち
10,000,10000,群馬県,,,,ぐんまけん
10,201,10201,群馬県,,,前橋市,まえばしし
10,202,10202,群馬県,,,高崎市,たかさきし
10,203,10203,群馬県,,,桐生市,きりゅうし
10,204,10204,群馬県,,,伊勢崎市,いせさきし
10,205,10205,群馬県,,,太田市,おおたし
10,206,10206,群馬県,,,沼田市,ぬまたし
10,207,10207,群馬県,,,館林市,たてばやしし
10,208,10208,群馬県,,,渋川市,しぶかわし
10,209,10209,群馬県,,,藤岡市,ふじおかし
10,210,10210,群馬県,,,富岡市,とみおかし
10,211,10211,群馬県,,,安中市,あんなかし
10,212,10212,群馬県,,,みどり市,みどりし
10,340,10340,群馬県,北群馬郡,,,きたぐんまぐん
10,344,10344,群馬県,北群馬郡,,榛東村,しんとうむら
10,345,10345,群馬県,北群馬郡,,吉岡町,よしおかまち
10,360,10360,群馬県,多野郡,,,たのぐん
10,366,10366,群馬県,多野郡,,上野村,うえのむら
10,367,10367,群馬県,多野郡,,神流町,かんなまち
10,380,10380,群馬県,甘楽郡,,,かんらぐん
10,382,10382,群馬県,甘楽郡,,下仁田町,しもにたまち
10,383,10383,群馬県,甘楽郡,,南牧村,なんもくむら
10,384,10384,群馬県,甘楽郡,,甘楽町,かんらまち
10,420,10420,群馬県,吾妻郡,,,あがつまぐん
10,421,10421,群馬県,吾妻郡,,中之条町,なかのじょうまち
10,424,10424,群馬県,吾妻郡,,長野原町,ながのはらまち
10,425,10425,群馬県,吾妻郡,,嬬恋村,つまごいむら
10,426,10426,群馬県,吾妻郡,,草津町,くさつまち
10,428,10428,群馬県,吾妻郡,,高山村,たかやまむら
10,429,10429,群馬県,吾妻郡,,東吾妻町,ひがしあがつままち
10,440,10440,群馬県,利根郡,,,とねぐん
10,443,10443,群馬県,利根郡,,片品村,かたしなむら
10,444,10444,群馬県,利根郡,,川場村,かわばむら
10,448,10448,群馬県,利根郡,,昭和村,しょうわむら
10,449,10449,群馬県,利根郡,,みなかみ町,みなかみまち
10,460,10460,群馬県,佐波郡,,,さわぐん
10,464,10464,群馬県,佐波郡,,玉村町,たまむらまち
10,520,10520,群馬県,邑楽郡,,,おうらぐん
10,521,10521,群馬県,邑楽郡,,板倉町,いたくらまち
10,522,10522,群馬県,邑楽郡,,明和町,めいわまち
10,523,10523,群馬県,邑楽郡,,千代田町,ちよだまち
10,524,10524,群馬県,邑楽郡,,大泉町,おおいずみまち
10,525,10525,群馬県,邑楽郡,,邑楽町,おうらまち
11,000,11000,埼玉県,,,,さいたまけん
11,100,11100,埼玉県,さいたま市,,,さいたまし
11,101,11101,埼玉県,さいたま市,,西区,にしく
11,102,11102,埼玉県,さいたま市,,北区,きたく
11,103,11103,埼玉県,さいたま市,,大宮区,おおみやく
11,104,11104,埼玉県,さいたま市,,見沼区,みぬまく
11,105,11105,埼玉県,さいたま市,,中央区,ちゅうおうく
11,106,11106,埼玉県,さいたま市,,桜区,さくらく
11,107,11107,埼玉県,さいたま市,,浦和区,うらわく
11,108,11108,埼玉県,さいたま市,,南区,みなみく
11,109,11109,埼玉県,さいたま市,,緑区,みどりく
11,110,11110,埼玉県,さいたま市,,岩槻区,いわつきく
11,201,11201,埼玉県,,,川越市,かわごえし
11,202,11202,埼玉県,,,熊谷市,くまがやし
11,203,11203,埼玉県,,,川口市,かわぐちし
11,206,11206,埼玉県,,,行田市,ぎょうだし
11,207,11207,埼玉県,,,秩父市,ちちぶし
11,208,11208,埼玉県,,,所沢市,ところざわし
11,209,11209,埼玉県,,,飯能市,はんのうし
11,210,11210,埼玉県,,,加須市,かぞし
11,211,11211,埼玉県,,,本庄市,ほんじょうし
11,212,11212,埼玉県,,,東松山市,ひがしまつやまし
11,214,11214,埼玉県,,,春日部市,かすかべし
11,215,11215,埼玉県,,,狭山市,さやまし
11,216,11216,埼玉県,,,羽生市,はにゅうし
11,217,11217,埼玉県,,,鴻巣市,こうのすし
11,218,11218,埼玉県,,,深谷市,ふかやし
11,219,11219,埼玉県,,,上尾市,あげおし
11,221,11221,埼玉県,,,草加市,そうかし
11,222,11222,埼玉県,,,越谷市,こしがやし
11,223,11223,埼玉県,,,蕨市,わらびし
11,224,11224,埼玉県,,,戸田市,とだし
11,225,11225,埼玉県,,,入間市,いるまし
11,227,11227,埼玉県,,,朝霞市,あさかし
11,228,11228,埼玉県,,,志木市,しきし
11,229,11229,埼玉県,,,和光市,わこうし
11,230,11230,埼玉県,,,新座市,にいざし
11,231,11231,埼玉県,,,桶川市,おけがわし
11,232,11232,埼玉県,,,久喜市,くきし
11,233,11233,埼玉県,,,北本市,きたもとし
11,234,11234,埼玉県,,,八潮市,やしおし
11,235,11235,埼玉県,,,富士見市,ふじみし
11,237,11237,埼玉県,,,三郷市,みさとし
11,238,11238,埼玉県,,,蓮田市,はすだし
11,239,11239,埼玉県,,,坂戸市,さかどし
11,240,11240,埼玉県,,,幸手市,さってし
11,241,11241,埼玉県,,,鶴ヶ島市,つるがしまし
11,242,11242,埼玉県,,,日高市,ひだかし
11,243,11243,埼玉県,,,吉川市,よしかわし
11,245,11245,埼玉県,,,ふじみ野市,ふじみのし
11,246,11246,埼玉県,,,白岡市,しらおかし
11,300,11300,埼玉県,北足立郡,,,きたあだちぐん
11,301,11301,埼玉県,北足立郡,,伊奈町,いなまち
11,320,11320,埼玉県,入間郡,,,いるまぐん
11,324,11324,埼玉県,入間郡,,三芳町,みよしまち
11,326,11326,埼玉県,入間郡,,毛呂山町,もろやままち
11,327,11327,埼玉県,入間郡,,越生町,おごせまち
11,340,11340,埼玉県,比企郡,,,ひきぐん
11,341,11341,埼玉県,比企郡,,滑川町,なめがわまち
11,342,11342,埼玉県,比企郡,,嵐山町,らんざんまち
11,343,11343,埼玉県,比企郡,,小川町,おがわまち
11,346,11346,埼玉県,比企郡,,川島町,かわじままち
11,347,11347,埼玉県,比企郡,,吉見町,よしみまち
11,348,11348,埼玉県,比企郡,,鳩山町,はとやままち
11,349,11349,埼玉県,比企郡,,ときがわ町,ときがわまち
11,360,11360,埼玉県,秩父郡,,,ちちぶぐん
11,361,11361,埼玉県,秩父郡,,横瀬町,よこぜまち
11,362,11362,埼玉県,秩父郡,,皆野町,みなのまち
11,363,11363,埼玉県,秩父郡,,長瀞町,ながとろまち
11,365,11365,埼玉県,秩父郡,,小鹿野町,おがのまち
11,369,11369,埼玉県,秩父郡,,東秩父村,ひがしちちぶむら
11,380,11380,埼玉県,児玉郡,,,こだまぐん
11,381,11381,埼玉県,児玉郡,,美里町,みさとまち
11,383,11383,埼玉県,児玉郡,,神川町,かみかわまち
11,385,11385,埼玉県,児玉郡,,上里町,かみさとまち
11,400,11400,埼玉県,大里郡,,,おおさとぐん
11,408,11408,埼玉県,大里郡,,寄居町,よりいまち
11,440,11440,埼玉県,南埼玉郡,,,みなみさいたまぐん
11,442,11442,埼玉県,南埼玉郡,,宮代町,みやしろまち
11,460,11460,埼玉県,北葛飾郡,,,きたかつしかぐん
11,464,11464,埼玉県,北葛飾郡,,杉戸町,すぎとまち
11,465,11465,埼玉県,北葛飾郡,,松伏町,まつぶしまち
12,000,12000,千葉県,,,,ちばけん
12,100,12100,千葉県,千葉市,,,ちばし
12,101,12101,千葉県,千葉市,,中央区,ちゅうおうく
12,102,12102,千葉県,千葉市,,花見川区,はなみがわく
12,103,12103,千葉県,千葉市,,稲毛区,いなげく
12,104,12104,千葉県,千葉市,,若葉区,わかばく
12,105,12105,千葉県,千葉市,,緑区,みどりく
12,106,12106,千葉県,千葉市,,美浜区,みはまく
12,202,12202,千葉県,,,銚子市,ちょうしし
12,203,12203,千葉県,,,市川市,いちかわし
12,204,12204,千葉県,,,船橋市,ふなばしし
12,205,12205,千葉県,,,館山市,たてやまし
12,206,12206,千葉県,,,木更津市,きさらづし
12,207,12207,千葉県,,,松戸市,まつどし
12,208,12208,千葉県,,,野田市,のだし
12,210,12210,千葉県,,,茂原市,もばらし
12,211,12211,千葉県,,,成田市,なりたし
12,212,12212,千葉県,,,佐倉市,さくらし
12,213,12213,千葉県,,,東金市,とうがねし
12,215,12215,千葉県,,,旭市,あさひし
12,216,12216,千葉県,,,習志野市,ならしのし
12,217,12217,千葉県,,,柏市,かしわし
12,218,12218,千葉県,,,勝浦市,かつうらし
12,219,12219,千葉県,,,市原市,いちはらし
12,220,12220,千葉県,,,流山市,ながれやまし
12,221,12221,千葉県,,,八千代市,やちよし
12,222,12222,千葉県,,,我孫子市,あびこし
12,223,12223,千葉県,,,鴨川市,かもがわし
12,224,12224,千葉県,,,鎌ケ谷市,かまがやし
12,225,12225,千葉県,,,君津市,きみつし
12,226,12226,千葉県,,,富津市,ふっつし
12,227,12227,千葉県,,,浦安市,うらやすし
12,228,12228,千葉県,,,四街道市,よつかいどうし
12,229,12229,千葉県,,,袖ケ浦市,そでがうらし
12,230,12230,千葉県,,,八街市,やちまたし
12,231,12231,千葉県,,,印西市,いんざいし
12,232,12232,千葉県,,,白井市,しろいし
12,233,12233,千葉県,,,富里市,とみさとし
12,234,12234,千葉県,,,南房総市,みなみぼうそうし
12,235,12235,千葉県,,,匝瑳市,そうさし
12,236,12236,千葉県,,,香取市,かとりし
12,237,12237,千葉県,,,山武市,さんむし
12,238,12238,千葉県,,,いすみ市,いすみし
12,239,12239,千葉県,,,大網白里市,おおあみしらさとし
12,320,12320,千葉県,印旛郡,,,いんばぐん
12,322,12322,千葉県,印旛郡,,酒々井町,しすいまち
12,329,12329,千葉県,印旛郡,,栄町,さかえまち
12,340,12340,千葉県,香取郡,,,かとりぐん
12,342,12342,千葉県,香取郡,,神崎町,こうざきまち
12,347,12347,千葉県,香取郡,,多古町,たこまち
12,349,12349,千葉県,香取郡,,東庄町,とうのしょうまち
12,400,12400,千葉県,山武郡,,,さんぶぐん
12,403,12403,千葉県,山武郡,,九十九里町,くじゅうくりまち
12,409,12409,千葉県,山武郡,,芝山町,しばやままち
12,410,12410,千葉県,山武郡,,横芝光町,よこしばひかりまち
12,420,12420,千葉県,長生郡,,,ちょうせいぐん
12,421,12421,千葉県,長生郡,,一宮町,いちのみやまち
12,422,12422,千葉県,長生郡,,睦沢町,むつざわまち
12,423,12423,千葉県,長生郡,,長生村,ちょうせいむら
12,424,12424,千葉県,長生郡,,白子町,しらこまち
12,426,12426,千葉県,長生郡,,長柄町,ながらまち
12,427,12427,千葉県,長生郡,,長南町,ちょうなんまち
12,440,12440,千葉県,夷隅郡,,,いすみぐん
12,441,12441,千葉県,夷隅郡,,大多喜町,おおたきまち
12,443,12443,千葉県,夷隅郡,,御宿町,おんじゅくまち
12,460,12460,千葉県,安房郡,,,あわぐん
12,463,12463,千葉県,安房郡,,鋸南町,きょなんまち
13,000,13000,東京都,,,,とうきょうと
13,100,13100,東京都,特別区部,,,
13,101,13101,東京都,,,千代田区,ちよだく
13,102,13102,東京都,,,中央区,ちゅうおうく
13,103,13103,東京都,,,港区,みなとく
13,104,13104,東京都,,,新宿区,しんじゅくく
13,105,13105,東京都,,,文京区,ぶんきょうく
13,106,13106,東京都,,,台東区,たいとうく
13,107,13107,東京都,,,墨田区,すみだく
13,108,13108,東京都,,,江東区,こうとうく
13,109,13109,東京都,,,品川区,しながわく
13,110,13110,東京都,,,目黒区,めぐろく
13,111,13111,東京都,,,大田区,おおたく
13,112,13112,東京都,,,世田谷区,せたがやく
13,113,13113,東京都,,,渋谷区,しぶやく
13,114,13114,東京都,,,中野区,なかのく
13,115,13115,東京都,,,杉並区,すぎなみく
13,116,13116,東京都,,,豊島区,としまく
13,117,13117,東京都,,,北区,きたく
13,118,13118,東京都,,,荒川区,あらかわく
13,119,13119,東京都,,,板橋区,いたばしく
13,120,13120,東京都,,,練馬区,ねりまく
13,121,13121,東京都,,,足立区,あだちく
13,122,13122,東京都,,,葛飾区,かつしかく
13,123,13123,東京都,,,江戸川区,えどがわく
13,201,13201,東京都,,,八王子市,はちおうじし
13,202,13202,東京都,,,立川市,たちかわし
13,203,13203,東京都,,,武蔵野市,むさしのし
13,204,13204,東京都,,,三鷹市,みたかし
13,205,13205,東京都,,,青梅市,おうめし
13,206,13206,東京都,,,府中市,ふちゅうし
13,207,13207,東京都,,,昭島市,あきしまし
13,208,13208,東京都,,,調布市,ちょうふし
13,209,13209,東京都,,,町田市,まちだし
13,210,13210,東京都,,,小金井市,こがねいし
13,211,13211,東京都,,,小平市,こだいらし
13,212,13212,東京都,,,日野市,ひのし
13,213,13213,東京都,,,東村山市,ひがしむらやまし
13,214,13214,東京都,,,国分寺市,こくぶんじし
13,215,13215,東京都,,,国立市,くにたちし
13,218,13218,東京都,,,福生市,ふっさし
13,219,13219,東京都,,,狛江市,こまえし
13,220,13220,東京都,,,東大和市,ひがしやまとし
13,221,13221,東京都,,,清瀬市,きよせし
13,222,13222,東京都,,,東久留米市,ひがしくるめし
13,223,13223,東京都,,,武蔵村山市,むさしむらやまし
13,224,13224,東京都,,,多摩市,たまし
13,225,13225,東京都,,,稲城市,いなぎし
13,227,13227,東京都,,,羽村市,はむらし
13,228,13228,東京都,,,あきる野市,あきるのし
13,229,13229,東京都,,,西東京市,にしとうきょうし
13,300,13300,東京都,西多摩郡,,,にしたまぐん
13,303,13303,東京都,西多摩郡,,瑞穂町,みずほまち
13,305,13305,東京都,西多摩郡,,日の出町,ひのでまち
13,307,13307,東京都,西多摩郡,,檜原村,ひのはらむら
13,308,13308,東京都,西多摩郡,,奥多摩町,おくたままち
13,360,13360,東京都,大島支庁,,,おおしましちょう
13,361,13361,東京都,大島支庁,,大島町,おおしままち
13,362,13362,東京都,大島支庁,,利島村,としまむら
13,363,13363,東京都,大島支庁,,新島村,にいじまむら
13,364,13364,東京都,大島支庁,,神津島村,こうづしまむら
13,380,13380,東京都,三宅支庁,,,みやけしちょう
13,381,13381,東京都,三宅支庁,,三宅村,みやけむら
13,382,13382,東京都,三宅支庁,,御蔵島村,みくらじまむら
13,400,13400,東京都,八丈支庁,,,はちじょうしちょう
13,401,13401,東京都,八丈支庁,,八丈町,はちじょうまち
13,402,13402,東京都,八丈支庁,,青ヶ島村,あおがしまむら
13,420,13420,東京都,小笠原支庁,,,おがさわらしちょう
13,421,13421,東京都,小笠原支庁,,小笠原村,おがさわらむら
14,000,14000,神奈川県,,,,かながわけん
14,100,14100,神奈川県,横浜市,,,よこはまし
14,101,14101,神奈川県,横浜市,,鶴見区,つるみく
14,102,14102,神奈川県,横浜市,,神奈川区,かながわく
14,103,14103,神奈川県,横浜市,,西区,にしく
14,104,14104,神奈川県,横浜市,,中区,なかく
14,105,14105,神奈川県,横浜市,,南区,みなみく
14,106,14106,神奈川県,横浜市,,保土ケ谷区,ほどがやく
14,107,14107,神奈川県,横浜市,,磯子区,いそごく
14,108,14108,神奈川県,横浜市,,金沢区,かなざわく
14,109,14109,神奈川県,横浜市,,港北区,こうほくく
14,110,14110,神奈川県,横浜市,,戸塚区,とつかく
14,111,14111,神奈川県,横浜市,,港南区,こうなんく
14,112,14112,神奈川県,横浜市,,旭区,あさひく
14,113,14113,神奈川県,横浜市,,緑区,みどりく
14,114,14114,神奈川県,横浜市,,瀬谷区,せやく
14,115,14115,神奈川県,横浜市,,栄区,さかえく
14,116,14116,神奈川県,横浜市,,泉区,いずみく
14,117,14117,神奈川県,横浜市,,青葉区,あおばく
14,118,14118,神奈川県,横浜市,,都筑区,つづきく
14,130,14130,神奈川県,川崎市,,,かわさきし
14,131,14131,神奈川県,川崎市,,川崎区,かわさきく
14,132,14132,神奈川県,川崎市,,幸区,さいわいく
14,133,14133,神奈川県,川崎市,,中原区,なかはらく
14,134,14134,神奈川県,川崎市,,高津区,たかつく
14,135,14135,神奈川県,川崎市,,多摩区,たまく
14,136,14136,神奈川県,川崎市,,宮前区,みやまえく
14,137,14137,神奈川県,川崎市,,麻生区,あさおく
14,150,14150,神奈川県,相模原市,,,さがみはらし
14,151,14151,神奈川県,相模原市,,緑区,みどりく
14,152,14152,神奈川県,相模原市,,中央区,ちゅうおうく
14,153,14153,神奈川県,相模原市,,南区,みなみく
14,201,14201,神奈川県,,,横須賀市,よこすかし
14,203,14203,神奈川県,,,平塚市,ひらつかし
14,204,14204,神奈川県,,,鎌倉市,かまくらし
14,205,14205,神奈川県,,,藤沢市,ふじさわし
14,206,14206,神奈川県,,,小田原市,おだわらし
14,207,14207,神奈川県,,,茅ヶ崎市,ちがさきし
14,208,14208,神奈川県,,,逗子市,ずしし
14,210,14210,神奈川県,,,三浦市,みうらし
14,211,14211,神奈川県,,,秦野市,はだのし
14,212,14212,神奈川県,,,厚木市,あつぎし
14,213,14213,神奈川県,,,大和市,やまとし
14,214,14214,神奈川県,,,伊勢原市,いせはらし
14,215,14215,神奈川県,,,海老名市,えびなし
14,216,14216,神奈川県,,,座間市,ざまし
14,217,14217,神奈川県,,,南足柄市,みなみあしがらし
14,218,14218,神奈川県,,,綾瀬市,あやせし
14,300,14300,神奈川県,三浦郡,,,みうらぐん
14,301,14301,神奈川県,三浦郡,,葉山町,はやままち
14,320,14320,神奈川県,高座郡,,,こうざぐん
14,321,14321,神奈川県,高座郡,,寒川町,さむかわまち
14,340,14340,神奈川県,中郡,,,なかぐん
14,341,14341,神奈川県,中郡,,大磯町,おおいそまち
14,342,14342,神奈川県,中郡,,二宮町,にのみやまち
14,360,14360,神奈川県,足柄上郡,,,あしがらかみぐん
14,361,14361,神奈川県,足柄上郡,,中井町,なかいまち
14,362,14362,神奈川県,足柄上郡,,大井町,おおいまち
14,363,14363,神奈川県,足柄上郡,,松田町,まつだまち
14,364,14364,神奈川県,足柄上郡,,山北町,やまきたまち
14,366,14366,神奈川県,足柄上郡,,開成町,かいせいまち
14,380,14380,神奈川県,足柄下郡,,,あしがらしもぐん
14,382,14382,神奈川県,足柄下郡,,箱根町,はこねまち
14,383,14383,神奈川県,足柄下郡,,真鶴町,まなづるまち
14,384,14384,神奈川県,足柄下郡,,湯河原町,ゆがわらまち
14,400,14400,神奈川県,愛甲郡,,,あいこうぐん
14,401,14401,神奈川県,愛甲郡,,愛川町,あいかわまち
14,402,14402,神奈川県,愛甲郡,,清川村,きよかわむら
15,000,15000,新潟県,,,,にいがたけん
15,100,15100,新潟県,新潟市,,,にいがたし
15,101,15101,新潟県,新潟市,,北区,きたく
15,102,15102,新潟県,新潟市,,東区,ひがしく
15,103,15103,新潟県,新潟市,,中央区,ちゅうおうく
15,104,15104,新潟県,新潟市,,江南区,こうなんく
15,105,15105,新潟県,新潟市,,秋葉区,あきはく
15,106,15106,新潟県,新潟市,,南区,みなみく
15,107,15107,新潟県,新潟市,,西区,にしく
15,108,15108,新潟県,新潟市,,西蒲区,にしかんく
15,202,15202,新潟県,,,長岡市,ながおかし
15,204,15204,新潟県,,,三条市,さんじょうし
15,205,15205,新潟県,,,柏崎市,かしわざきし
15,206,15206,新潟県,,,新発田市,しばたし
15,208,15208,新潟県,,,小千谷市,おぢやし
15,209,15209,新潟県,,,加茂市,かもし
15,210,15210,新潟県,,,十日町市,とおかまちし
15,211,15211,新潟県,,,見附市,みつけし
15,212,15212,新潟県,,,村上市,むらかみし
15,213,15213,新潟県,,,燕市,つばめし
15,216,15216,新潟県,,,糸魚川市,いといがわし
15,217,15217,新潟県,,,妙高市,みょうこうし
15,218,15218,新潟県,,,五泉市,ごせんし
15,222,15222,新潟県,,,上越市,じょうえつし
15,223,15223,新潟県,,,阿賀野市,あがのし
15,224,15224,新潟県,,,佐渡市,さどし
15,225,15225,新潟県,,,魚沼市,うおぬまし
15,226,15226,新潟県,,,南魚沼市,みなみうおぬまし
15,227,15227,新潟県,,,胎内市,たいないし
15,300,15300,新潟県,北蒲原郡,,,きたかんばらぐん
15,307,15307,新潟県,北蒲原郡,,聖籠町,せいろうまち
15,340,15340,新潟県,西蒲原郡,,,にしかんばらぐん
15,342,15342,新潟県,西蒲原郡,,弥彦村,やひこむら
15,360,15360,新潟県,南蒲原郡,,,みなみかんばらぐん
15,361,15361,新潟県,南蒲原郡,,田上町,たがみまち
15,380,15380,新潟県,東蒲原郡,,,ひがしかんばらぐん
15,385,15385,新潟県,東蒲原郡,,阿賀町,あがまち
15,400,15400,新潟県,三島郡,,,さんとうぐん
15,405,15405,新潟県,三島郡,,出雲崎町,いずもざきまち
15,460,15460,新潟県,南魚沼郡,,,みなみうおぬまぐん
15,461,15461,新潟県,南魚沼郡,,湯沢町,ゆざわまち
15,480,15480,新潟県,中魚沼郡,,,なかうおぬまぐん
15,482,15482,新潟県,中魚沼郡,,津南町,つなんまち
15,500,15500,新潟県,刈羽郡,,,かりわぐん
15,504,15504,新潟県,刈羽郡,,刈羽村,かりわむら
15,580,15580,新潟県,岩船郡,,,いわふねぐん
15,581,15581,新潟県,岩船郡,,関川村,せきかわむら
15,586,15586,新潟県,岩船郡,,粟島浦村,あわしまうらむら
16,000,16000,富山県,,,,とやまけん
16,201,16201,富山県,,,富山市,とやまし
16,202,16202,富山県,,,高岡市,たかおかし
16,204,16204,富山県,,,魚津市,うおづし
16,205,16205,富山県,,,氷見市,ひみし
16,206,16206,富山県,,,滑川市,なめりかわし
16,207,16207,富山県,,,黒部市,くろべし
16,208,16208,富山県,,,砺波市,となみし
16,209,16209,富山県,,,小矢部市,おやべし
16,210,16210,富山県,,,南砺市,なんとし
16,211,16211,富山県,,,射水市,いみずし
16,320,16320,富山県,中新川郡,,,なかにいかわぐん
16,321,16321,富山県,中新川郡,,舟橋村,ふなはしむら
16,322,16322,富山県,中新川郡,,上市町,かみいちまち
16,323,16323,富山県,中新川郡,,立山町,たてやままち
16,340,16340,富山県,下新川郡,,,しもにいかわぐん
16,342,16342,富山県,下新川郡,,入善町,にゅうぜんまち
16,343,16343,富山県,下新川郡,,朝日町,あさひまち
17,000,17000,石川県,,,,いしかわけん
17,201,17201,石川県,,,金沢市,かなざわし
17,202,17202,石川県,,,七尾市,ななおし
17,203,17203,石川県,,,小松市,こまつし
17,204,17204,石川県,,,輪島市,わじまし
17,205,17205,石川県,,,珠洲市,すずし
17,206,17206,石川県,,,加賀市,かがし
17,207,17207,石川県,,,羽咋市,はくいし
17,209,17209,石川県,,,かほく市,かほくし
17,210,17210,石川県,,,白山市,はくさんし
17,211,17211,石川県,,,能美市,のみし
17,212,17212,石川県,,,野々市市,ののいちし
17,320,17320,石川県,能美郡,,,のみぐん
17,324,17324,石川県,能美郡,,川北町,かわきたまち
17,360,17360,石川県,河北郡,,,かほくぐん
17,361,17361,石川県,河北郡,,津幡町,つばたまち
17,365,17365,石川県,河北郡,,内灘町,うちなだまち
17,380,17380,石川県,羽咋郡,,,はくいぐん
17,384,17384,石川県,羽咋郡,,志賀町,しかまち
17,386,17386,石川県,羽咋郡,,宝達志水町,ほうだつしみずちょう
17,400,17400,石川県,鹿島郡,,,かしまぐん
17,407,17407,石川県,鹿島郡,,中能登町,なかのとまち
17,460,17460,石川県,鳳珠郡,,,ほうすぐん
17,461,17461,石川県,鳳珠郡,,穴水町,あなみずまち
17,463,17463,石川県,鳳珠郡,,能登町,のとちょう
18,000,18000,福井県,,,,ふくいけん
18,201,18201,福井県,,,福井市,ふくいし
18,202,18202,福井県,,,敦賀市,つるがし
18,204,18204,福井県,,,小浜市,おばまし
18,205,18205,福井県,,,大野市,おおのし
18,206,18206,福井県,,,勝山市,かつやまし
18,207,18207,福井県,,,鯖江市,さばえし
18,208,18208,福井県,,,あわら市,あわらし
18,209,18209,福井県,,,越前市,えちぜんし
18,210,18210,福井県,,,坂井市,さかいし
18,320,18320,福井県,吉田郡,,,よしだぐん
18,322,18322,福井県,吉田郡,,永平寺町,えいへいじちょう
18,380,18380,福井県,今立郡,,,いまだてぐん
18,382,18382,福井県,今立郡,,池田町,いけだちょう
18,400,18400,福井県,南条郡,,,なんじょうぐん
18,404,18404,福井県,南条郡,,南越前町,みなみえちぜんちょう
18,420,18420,福井県,丹生郡,,,にゅうぐん
18,423,18423,福井県,丹生郡,,越前町,えちぜんちょう
18,440,18440,福井県,三方郡,,,みかたぐん
18,442,18442,福井県,三方郡,,美浜町,みはまちょう
18,480,18480,福井県,大飯郡,,,おおいぐん
18,481,18481,福井県,大飯郡,,高浜町,たかはまちょう
18,483,18483,福井県,大飯郡,,おおい町,おおいちょう
18,500,18500,福井県,三方上中郡,,,みかたかみなかぐん
18,501,18501,福井県,三方上中郡,,若狭町,わかさちょう
19,000,19000,山梨県,,,,やまなしけん
19,201,19201,山梨県,,,甲府市,こうふし
19,202,19202,山梨県,,,富士吉田市,ふじよしだし
19,204,19204,山梨県,,,都留市,つるし
19,205,19205,山梨県,,,山梨市,やまなしし
19,206,19206,山梨県,,,大月市,おおつきし
19,207,19207,山梨県,,,韮崎市,にらさきし
19,208,19208,山梨県,,,南アルプス市,みなみあるぷすし
19,209,19209,山梨県,,,北杜市,ほくとし
19,210,19210,山梨県,,,甲斐市,かいし
19,211,19211,山梨県,,,笛吹市,ふえふきし
19,212,19212,山梨県,,,上野原市,うえのはらし
19,213,19213,山梨県,,,甲州市,こうしゅうし
19,214,19214,山梨県,,,中央市,ちゅうおうし
19,340,19340,山梨県,西八代郡,,,にしやつしろぐん
19,346,19346,山梨県,西八代郡,,市川三郷町,いちかわみさとちょう
19,360,19360,山梨県,南巨摩郡,,,みなみこまぐん
19,364,19364,山梨県,南巨摩郡,,早川町,はやかわちょう
19,365,19365,山梨県,南巨摩郡,,身延町,みのぶちょう
19,366,19366,山梨県,南巨摩郡,,南部町,なんぶちょう
19,368,19368,山梨県,南巨摩郡,,富士川町,ふじかわちょう
19,380,19380,山梨県,中巨摩郡,,,なかこまぐん
19,384,19384,山梨県,中巨摩郡,,昭和町,しょうわちょう
19,420,19420,山梨県,南都留郡,,,みなみつるぐん
19,422,19422,山梨県,南都留郡,,道志村,どうしむら
19,423,19423,山梨県,南都留郡,,西桂町,にしかつらちょう
19,424,19424,山梨県,南都留郡,,忍野村,おしのむら
19,425,19425,山梨県,南都留郡,,山中湖村,やまなかこむら
19,429,19429,山梨県,南都留郡,,鳴沢村,なるさわむら
19,430,19430,山梨県,南都留郡,,富士河口湖町,ふじかわぐちこまち
19,440,19440,山梨県,北都留郡,,,きたつるぐん
19,442,19442,山梨県,北都留郡,,小菅村,こすげむら
19,443,19443,山梨県,北都留郡,,丹波山村,たばやまむら
20,000,20000,長野県,,,,ながのけん
20,201,20201,長野県,,,長野市,ながのし
20,202,20202,長野県,,,松本市,まつもとし
20,203,20203,長野県,,,上田市,うえだし
20,204,20204,長野県,,,岡谷市,おかやし
20,205,20205,長野県,,,飯田市,いいだし
20,206,20206,長野県,,,諏訪市,すわし
20,207,20207,長野県,,,須坂市,すざかし
20,208,20208,長野県,,,小諸市,こもろし
20,209,20209,長野県,,,伊那市,いなし
20,210,20210,長野県,,,駒ヶ根市,こまがねし
20,211,20211,長野県,,,中野市,なかのし
20,212,20212,長野県,,,大町市,おおまちし
20,213,20213,長野県,,,飯山市,いいやまし
20,214,20214,長野県,,,茅野市,ちのし
20,215,20215,長野県,,,塩尻市,しおじりし
20,217,20217,長野県,,,佐久市,さくし
20,218,20218,長野県,,,千曲市,ちくまし
20,219,20219,長野県,,,東御市,とうみし
20,220,20220,長野県,,,安曇野市,あづみのし
20,300,20300,長野県,南佐久郡,,,みなみさくぐん
20,303,20303,長野県,南佐久郡,,小海町,こうみまち
20,304,20304,長野県,南佐久郡,,川上村,かわかみむら
20,305,20305,長野県,南佐久郡,,南牧村,みなみまきむら
20,306,20306,長野県,南佐久郡,,南相木村,みなみあいきむら
20,307,20307,長野県,南佐久郡,,北相木村,きたあいきむら
20,309,20309,長野県,南佐久郡,,佐久穂町,さくほまち
20,320,20320,長野県,北佐久郡,,,きたさくぐん
20,321,20321,長野県,北佐久郡,,軽井沢町,かるいざわまち
20,323,20323,長野県,北佐久郡,,御代田町,みよたまち
20,324,20324,長野県,北佐久郡,,立科町,たてしなまち
20,340,20340,長野県,小県郡,,,ちいさがたぐん
20,349,20349,長野県,小県郡,,青木村,あおきむら
20,350,20350,長野県,小県郡,,長和町,ながわまち
20,360,20360,長野県,諏訪郡,,,すわぐん
20,361,20361,長野県,諏訪郡,,下諏訪町,しもすわまち
20,362,20362,長野県,諏訪郡,,富士見町,ふじみまち
20,363,20363,長野県,諏訪郡,,原村,はらむら
20,380,20380,長野県,上伊那郡,,,かみいなぐん
20,382,20382,長野県,上伊那郡,,辰野町,たつのまち
20,383,20383,長野県,上伊那郡,,箕輪町,みのわまち
20,384,20384,長野県,上伊那郡,,飯島町,いいじままち
20,385,20385,長野県,上伊那郡,,南箕輪村,みなみみのわむら
20,386,20386,長野県,上伊那郡,,中川村,なかがわむら
20,388,20388,長野県,上伊那郡,,宮田村,みやだむら
20,400,20400,長野県,下伊那郡,,,しもいなぐん
20,402,20402,長野県,下伊那郡,,松川町,まつかわまち
20,403,20403,長野県,下伊那郡,,高森町,たかもりまち
20,404,20404,長野県,下伊那郡,,阿南町,あなんちょう
20,407,20407,長野県,下伊那郡,,阿智村,あちむら
20,409,20409,長野県,下伊那郡,,平谷村,ひらやむら
20,410,20410,長野県,下伊那郡,,根羽村,ねばむら
20,411,20411,長野県,下伊那郡,,下條村,しもじょうむら
20,412,20412,長野県,下伊那郡,,売木村,うるぎむら
20,413,20413,長野県,下伊那郡,,天龍村,てんりゅうむら
20,414,20414,長野県,下伊那郡,,泰阜村,やすおかむら
20,415,20415,長野県,下伊那郡,,喬木村,たかぎむら
20,416,20416,長野県,下伊那郡,,豊丘村,とよおかむら
20,417,20417,長野県,下伊那郡,,大鹿村,おおしかむら
20,420,20420,長野県,木曽郡,,,きそぐん
20,422,20422,長野県,木曽郡,,上松町,あげまつまち
20,423,20423,長野県,木曽郡,,南木曽町,なぎそまち
20,425,20425,長野県,木曽郡,,木祖村,きそむら
20,429,20429,長野県,木曽郡,,王滝村,おうたきむら
20,430,20430,長野県,木曽郡,,大桑村,おおくわむら
20,432,20432,長野県,木曽郡,,木曽町,きそまち
20,440,20440,長野県,東筑摩郡,,,ひがしちくまぐん
20,446,20446,長野県,東筑摩郡,,麻績村,おみむら
20,448,20448,長野県,東筑摩郡,,生坂村,いくさかむら
20,450,20450,長野県,東筑摩郡,,山形村,やまがたむら
20,451,20451,長野県,東筑摩郡,,朝日村,あさひむら
20,452,20452,長野県,東筑摩郡,,筑北村,ちくほくむら
20,480,20480,長野県,北安曇郡,,,きたあづみぐん
20,481,20481,長野県,北安曇郡,,池田町,いけだまち
20,482,20482,長野県,北安曇郡,,松川村,まつかわむら
20,485,20485,長野県,北安曇郡,,白馬村,はくばむら
20,486,20486,長野県,北安曇郡,,小谷村,おたりむら
20,520,20520,長野県,埴科郡,,,はにしなぐん
20,521,20521,長野県,埴科郡,,坂城町,さかきまち
20,540,20540,長野県,上高井郡,,,かみたかいぐん
20,541,20541,長野県,上高井郡,,小布施町,おぶせまち
20,543,20543,長野県,上高井郡,,高山村,たかやまむら
20,560,20560,長野県,下高井郡,,,しもたかいぐん
20,561,20561,長野県,下高井郡,,山ノ内町,やまのうちまち
20,562,20562,長野県,下高井郡,,木島平村,きじまだいらむら
20,563,20563,長野県,下高井郡,,野沢温泉村,のざわおんせんむら
20,580,20580,長野県,上水内郡,,,かみみのちぐん
20,583,20583,長野県,上水内郡,,信濃町,しなのまち
20,588,20588,長野県,上水内郡,,小川村,おがわむら
20,590,20590,長野県,上水内郡,,飯綱町,いいづなまち
20,600,20600,長野県,下水内郡,,,しもみのちぐん
20,602,20602,長野県,下水内郡,,栄村,さかえむら
21,000,21000,岐阜県,,,,ぎふけん
21,201,21201,岐阜県,,,岐阜市,ぎふし
21,202,21202,岐阜県,,,大垣市,おおがきし
21,203,21203,岐阜県,,,高山市,たかやまし
21,204,21204,岐阜県,,,多治見市,たじみし
21,205,21205,岐阜県,,,関市,せきし
21,206,21206,岐阜県,,,中津川市,なかつがわし
21,207,21207,岐阜県,,,美濃市,みのし
21,208,21208,岐阜県,,,瑞浪市,みずなみし
21,209,21209,岐阜県,,,羽島市,はしまし
21,210,21210,岐阜県,,,恵那市,えなし
21,211,21211,岐阜県,,,美濃加茂市,みのかもし
21,212,21212,岐阜県,,,土岐市,ときし
21,213,21213,岐阜県,,,各務原市,かかみがはらし
21,214,21214,岐阜県,,,可児市,かにし
21,215,21215,岐阜県,,,山県市,やまがたし
21,216,21216,岐阜県,,,瑞穂市,みずほし
21,217,21217,岐阜県,,,飛騨市,ひだし
21,218,21218,岐阜県,,,本巣市,もとすし
21,219,21219,岐阜県,,,郡上市,ぐじょうし
21,220,21220,岐阜県,,,下呂市,げろし
21,221,21221,岐阜県,,,海津市,かいづし
21,300,21300,岐阜県,羽島郡,,,はしまぐん
21,302,21302,岐阜県,羽島郡,,岐南町,ぎなんちょう
21,303,21303,岐阜県,羽島郡,,笠松町,かさまつちょう
21,340,21340,岐阜県,養老郡,,,ようろうぐん
21,341,21341,岐阜県,養老郡,,養老町,ようろうちょう
21,360,21360,岐阜県,不破郡,,,ふわぐん
21,361,21361,岐阜県,不破郡,,垂井町,たるいちょう
21,362,21362,岐阜県,不破郡,,関ケ原町,せきがはらちょう
21,380,21380,岐阜県,安八郡,,,あんぱちぐん
21,381,21381,岐阜県,安八郡,,神戸町,ごうどちょう
21,382,21382,岐阜県,安八郡,,輪之内町,わのうちちょう
21,383,21383,岐阜県,安八郡,,安八町,あんぱちちょう
21,400,21400,岐阜県,揖斐郡,,,いびぐん
21,401,21401,岐阜県,揖斐郡,,揖斐川町,いびがわちょう
21,403,21403,岐阜県,揖斐郡,,大野町,おおのちょう
21,404,21404,岐阜県,揖斐郡,,池田町,いけだちょう
21,420,21420,岐阜県,本巣郡,,,もとすぐん
21,421,21421,岐阜県,本巣郡,,北方町,きたがたちょう
21,500,21500,岐阜県,加茂郡,,,かもぐん
21,501,21501,岐阜県,加茂郡,,坂祝町,さかほぎちょう
21,502,21502,岐阜県,加茂郡,,富加町,とみかちょう
21,503,21503,岐阜県,加茂郡,,川辺町,かわべちょう
21,504,21504,岐阜県,加茂郡,,七宗町,ひちそうちょう
21,505,21505,岐阜県,加茂郡,,八百津町,やおつちょう
21,506,21506,岐阜県,加茂郡,,白川町,しらかわちょう
21,507,21507,岐阜県,加茂郡,,東白川村,ひがししらかわむら
21,520,21520,岐阜県,可児郡,,,かにぐん
21,521,21521,岐阜県,可児郡,,御嵩町,みたけちょう
21,600,21600,岐阜県,大野郡,,,おおのぐん
21,604,21604,岐阜県,大野郡,,白川村,しらかわむら
22,000,22000,静岡県,,,,しずおかけん
22,100,22100,静岡県,静岡市,,,しずおかし
22,101,22101,静岡県,静岡市,,葵区,あおいく
22,102,22102,静岡県,静岡市,,駿河区,するがく
22,103,22103,静岡県,静岡市,,清水区,しみずく
22,130,22130,静岡県,浜松市,,,はままつし
22,138,22138,静岡県,浜松市,,中央区,ちゅうおうく
22,139,22139,静岡県,浜松市,,浜名区,はまなく
22,140,22140,静岡県,浜松市,,天竜区,てんりゅうく
22,203,22203,静岡県,,,沼津市,ぬまづし
22,205,22205,静岡県,,,熱海市,あたみし
22,206,22206,静岡県,,,三島市,みしまし
22,207,22207,静岡県,,,富士宮市,ふじのみやし
22,208,22208,静岡県,,,伊東市,いとうし
22,209,22209,静岡県,,,島田市,しまだし
22,210,22210,静岡県,,,富士市,ふじし
22,211,22211,静岡県,,,磐田市,いわたし
22,212,22212,静岡県,,,焼津市,やいづし
22,213,22213,静岡県,,,掛川市,かけがわし
22,214,22214,静岡県,,,藤枝市,ふじえだし
22,215,22215,静岡県,,,御殿場市,ごてんばし
22,216,22216,静岡県,,,袋井市,ふくろいし
22,219,22219,静岡県,,,下田市,しもだし
22,220,22220,静岡県,,,裾野市,すそのし
22,221,22221,静岡県,,,湖西市,こさいし
22,222,22222,静岡県,,,伊豆市,いずし
22,223,22223,静岡県,,,御前崎市,おまえざきし
22,224,22224,静岡県,,,菊川市,きくがわし
22,225,22225,静岡県,,,伊豆の国市,いずのくにし
22,226,22226,静岡県,,,牧之原市,まきのはらし
22,300,22300,静岡県,賀茂郡,,,かもぐん
22,301,22301,静岡県,賀茂郡,,東伊豆町,ひがしいずちょう
22,302,22302,静岡県,賀茂郡,,河津町,かわづちょう
22,304,22304,静岡県,賀茂郡,,南伊豆町,みなみいずちょう
22,305,22305,静岡県,賀茂郡,,松崎町,まつざきちょう
22,306,22306,静岡県,賀茂郡,,西伊豆町,にしいずちょう
22,320,22320,静岡県,田方郡,,,たがたぐん
22,325,22325,静岡県,田方郡,,函南町,かんなみちょう
22,340,22340,静岡県,駿東郡,,,すんとうぐん
22,341,22341,静岡県,駿東郡,,清水町,しみずちょう
22,342,22342,静岡県,駿東郡,,長泉町,ながいずみちょう
22,344,22344,静岡県,駿東郡,,小山町,おやまちょう
22,420,22420,静岡県,榛原郡,,,はいばらぐん
22,424,22424,静岡県,榛原郡,,吉田町,よしだちょう
22,429,22429,静岡県,榛原郡,,川根本町,かわねほんちょう
22,460,22460,静岡県,周智郡,,,しゅうちぐん
22,461,22461,静岡県,周智郡,,森町,もりまち
23,000,23000,愛知県,,,,あいちけん
23,100,23100,愛知県,名古屋市,,,なごやし
23,101,23101,愛知県,名古屋市,,千種区,ちくさく
23,102,23102,愛知県,名古屋市,,東区,ひがしく
23,103,23103,愛知県,名古屋市,,北区,きたく
23,104,23104,愛知県,名古屋市,,西区,にしく
23,105,23105,愛知県,名古屋市,,中村区,なかむらく
23,106,23106,愛知県,名古屋市,,中区,なかく
23,107,23107,愛知県,名古屋市,,昭和区,しょうわく
23,108,23108,愛知県,名古屋市,,瑞穂区,みずほく
23,109,23109,愛知県,名古屋市,,熱田区,あつたく
23,110,23110,愛知県,名古屋市,,中川区,なかがわく
23,111,23111,愛知県,名古屋市,,港区,みなとく
23,112,23112,愛知県,名古屋市,,南区,みなみく
23,113,23113,愛知県,名古屋市,,守山区,もりやまく
23,114,23114,愛知県,名古屋市,,緑区,みどりく
23,115,23115,愛知県,名古屋市,,名東区,めいとうく
23,116,23116,愛知県,名古屋市,,天白区,てんぱくく
23,201,23201,愛知県,,,豊橋市,とよはしし
23,202,23202,愛知県,,,岡崎市,おかざきし
23,203,23203,愛知県,,,一宮市,いちのみやし
23,204,23204,愛知県,,,瀬戸市,せとし
23,205,23205,愛知県,,,半田市,はんだし
23,206,23206,愛知県,,,春日井市,かすがいし
23,207,23207,愛知県,,,豊川市,とよかわし
23,208,23208,愛知県,,,津島市,つしまし
23,209,23209,愛知県,,,碧南市,へきなんし
23,210,23210,愛知県,,,刈谷市,かりやし
23,211,23211,愛知県,,,豊田市,とよたし
23,212,23212,愛知県,,,安城市,あんじょうし
23,213,23213,愛知県,,,西尾市,にしおし
23,214,23214,愛知県,,,蒲郡市,がまごおりし
23,215,23215,愛知県,,,犬山市,いぬやまし
23,216,23216,愛知県,,,常滑市,とこなめし
23,217,23217,愛知県,,,江南市,こうなんし
23,219,23219,愛知県,,,小牧市,こまきし
23,220,23220,愛知県,,,稲沢市,いなざわし
23,221,23221,愛知県,,,新城市,しんしろし
23,222,23222,愛知県,,,東海市,とうかいし
23,223,23223,愛知県,,,大府市,おおぶし
23,224,23224,愛知県,,,知多市,ちたし
23,225,23225,愛知県,,,知立市,ちりゅうし
23,226,23226,愛知県,,,尾張旭市,おわりあさひし
23,227,23227,愛知県,,,高浜市,たかはまし
23,228,23228,愛知県,,,岩倉市,いわくらし
23,229,23229,愛知県,,,豊明市,とよあけし
23,230,23230,愛知県,,,日進市,にっしんし
23,231,23231,愛知県,,,田原市,たはらし
23,232,23232,愛知県,,,愛西市,あいさいし
23,233,23233,愛知県,,,清須市,きよすし
23,234,23234,愛知県,,,北名古屋市,きたなごやし
23,235,23235,愛知県,,,弥富市,やとみし
23,236,23236,愛知県,,,みよし市,みよしし
23,237,23237,愛知県,,,あま市,あまし
23,238,23238,愛知県,,,長久手市,ながくてし
23,300,23300,愛知県,愛知郡,,,あいちぐん
23,302,23302,愛知県,愛知郡,,東郷町,とうごうちょう
23,340,23340,愛知県,西春日井郡,,,にしかすがいぐん
23,342,23342,愛知県,西春日井郡,,豊山町,とよやまちょう
23,360,23360,愛知県,丹羽郡,,,にわぐん
23,361,23361,愛知県,丹羽郡,,大口町,おおぐちちょう
23,362,23362,愛知県,丹羽郡,,扶桑町,ふそうちょう
23,420,23420,愛知県,海部郡,,,あまぐん
23,424,23424,愛知県,海部郡,,大治町,おおはるちょう
23,425,23425,愛知県,海部郡,,蟹江町,かにえちょう
23,427,23427,愛知県,海部郡,,飛島村,とびしまむら
23,440,23440,愛知県,知多郡,,,ちたぐん
23,441,23441,愛知県,知多郡,,阿久比町,あぐいちょう
23,442,23442,愛知県,知多郡,,東浦町,ひがしうらちょう
23,445,23445,愛知県,知多郡,,南知多町,みなみちたちょう
23,446,23446,愛知県,知多郡,,美浜町,みはまちょう
23,447,23447,愛知県,知多郡,,武豊町,たけとよちょう
23,500,23500,愛知県,額田郡,,,ぬかたぐん
23,501,23501,愛知県,額田郡,,幸田町,こうたちょう
23,560,23560,愛知県,北設楽郡,,,きたしたらぐん
23,561,23561,愛知県,北設楽郡,,設楽町,したらちょう
23,562,23562,愛知県,北設楽郡,,東栄町,とうえいちょう
23,563,23563,愛知県,北設楽郡,,豊根村,とよねむら
24,000,24000,三重県,,,,みえけん
24,201,24201,三重県,,,津市,つし
24,202,24202,三重県,,,四日市市,よっかいちし
24,203,24203,三重県,,,伊勢市,いせし
24,204,24204,三重県,,,松阪市,まつさかし
24,205,24205,三重県,,,桑名市,くわなし
24,207,24207,三重県,,,鈴鹿市,すずかし
24,208,24208,三重県,,,名張市,なばりし
24,209,24209,三重県,,,尾鷲市,おわせし
24,210,24210,三重県,,,亀山市,かめやまし
24,211,24211,三重県,,,鳥羽市,とばし
24,212,24212,三重県,,,熊野市,くまのし
24,214,24214,三重県,,,いなべ市,いなべし
24,215,24215,三重県,,,志摩市,しまし
24,216,24216,三重県,,,伊賀市,いがし
24,300,24300,三重県,桑名郡,,,くわなぐん
24,303,24303,三重県,桑名郡,,木曽岬町,きそさきちょう
24,320,24320,三重県,員弁郡,,,いなべぐん
24,324,24324,三重県,員弁郡,,東員町,とういんちょう
24,340,24340,三重県,三重郡,,,みえぐん
24,341,24341,三重県,三重郡,,菰野町,こものちょう
24,343,24343,三重県,三重郡,,朝日町,あさひちょう
24,344,24344,三重県,三重郡,,川越町,かわごえちょう
24,440,24440,三重県,多気郡,,,たきぐん
24,441,24441,三重県,多気郡,,多気町,たきちょう
24,442,24442,三重県,多気郡,,明和町,めいわちょう
24,443,24443,三重県,多気郡,,大台町,おおだいちょう
24,460,24460,三重県,度会郡,,,わたらいぐん
24,461,24461,三重県,度会郡,,玉城町,たまきちょう
24,470,24470,三重県,度会郡,,度会町,わたらいちょう
24,471,24471,三重県,度会郡,,大紀町,たいきちょう
24,472,24472,三重県,度会郡,,南伊勢町,みなみいせちょう
24,540,24540,三重県,北牟婁郡,,,きたむろぐん
24,543,24543,三重県,北牟婁郡,,紀北町,きほくちょう
24,560,24560,三重県,南牟婁郡,,,みなみむろぐん
24,561,24561,三重県,南牟婁郡,,御浜町,みはまちょう
24,562,24562,三重県,南牟婁郡,,紀宝町,きほうちょう
25,000,25000,滋賀県,,,,しがけん
25,201,25201,滋賀県,,,大津市,おおつし
25,202,25202,滋賀県,,,彦根市,ひこねし
25,203,25203,滋賀県,,,長浜市,ながはまし
25,204,25204,滋賀県,,,近江八幡市,おうみはちまんし
25,206,25206,滋賀県,,,草津市,くさつし
25,207,25207,滋賀県,,,守山市,もりやまし
25,208,25208,滋賀県,,,栗東市,りっとうし
25,209,25209,滋賀県,,,甲賀市,こうかし
25,210,25210,滋賀県,,,野洲市,やすし
25,211,25211,滋賀県,,,湖南市,こなんし
25,212,25212,滋賀県,,,高島市,たかしまし
25,213,25213,滋賀県,,,東近江市,ひがしおうみし
25,214,25214,滋賀県,,,米原市,まいばらし
25,380,25380,滋賀県,蒲生郡,,,がもうぐん
25,383,25383,滋賀県,蒲生郡,,日野町,ひのちょう
25,384,25384,滋賀県,蒲生郡,,竜王町,りゅうおうちょう
25,420,25420,滋賀県,愛知郡,,,えちぐん
25,425,25425,滋賀県,愛知郡,,愛荘町,あいしょうちょう
25,440,25440,滋賀県,犬上郡,,,いぬかみぐん
25,441,25441,滋賀県,犬上郡,,豊郷町,とよさとちょう
25,442,25442,滋賀県,犬上郡,,甲良町,こうらちょう
25,443,25443,滋賀県,犬上郡,,多賀町,たがちょう
26,000,26000,京都府,,,,きょうとふ
26,100,26100,京都府,京都市,,,きょうとし
26,101,26101,京都府,京都市,,北区,きたく
26,102,26102,京都府,京都市,,上京区,かみぎょうく
26,103,26103,京都府,京都市,,左京区,さきょうく
26,104,26104,京都府,京都市,,中京区,なかぎょうく
26,105,26105,京都府,京都市,,東山区,ひがしやまく
26,106,26106,京都府,京都市,,下京区,しもぎょうく
26,107,26107,京都府,京都市,,南区,みなみく
26,108,26108,京都府,京都市,,右京区,うきょうく
26,109,26109,京都府,京都市,,伏見区,ふしみく
26,110,26110,京都府,京都市,,山科区,やましなく
26,111,26111,京都府,京都市,,西京区,にしきょうく
26,201,26201,京都府,,,福知山市,ふくちやまし
26,202,26202,京都府,,,舞鶴市,まいづるし
26,203,26203,京都府,,,綾部市,あやべし
26,204,26204,京都府,,,宇治市,うじし
26,205,26205,京都府,,,宮津市,みやづし
26,206,26206,京都府,,,亀岡市,かめおかし
26,207,26207,京都府,,,城陽市,じょうようし
26,208,26208,京都府,,,向日市,むこうし
26,209,26209,京都府,,,長岡京市,ながおかきょうし
26,210,26210,京都府,,,八幡市,やわたし
26,211,26211,京都府,,,京田辺市,きょうたなべし
26,212,26212,京都府,,,京丹後市,きょうたんごし
26,213,26213,京都府,,,南丹市,なんたんし
26,214,26214,京都府,,,木津川市,きづがわし
26,300,26300,京都府,乙訓郡,,,おとくにぐん
26,303,26303,京都府,乙訓郡,,大山崎町,おおやまざきちょう
26,320,26320,京都府,久世郡,,,くせぐん
26,322,26322,京都府,久世郡,,久御山町,くみやまちょう
26,340,26340,京都府,綴喜郡,,,つづきぐん
26,343,26343,京都府,綴喜郡,,井手町,いでちょう
26,344,26344,京都府,綴喜郡,,宇治田原町,うじたわらちょう
26,360,26360,京都府,相楽郡,,,そうらくぐん
26,364,26364,京都府,相楽郡,,笠置町,かさぎちょう
26,365,26365,京都府,相楽郡,,和束町,わづかちょう
26,366,26366,京都府,相楽郡,,精華町,せいかちょう
26,367,26367,京都府,相楽郡,,南山城村,みなみやましろむら
26,400,26400,京都府,船井郡,,,ふないぐん
26,407,26407,京都府,船井郡,,京丹波町,きょうたんばちょう
26,460,26460,京都府,与謝郡,,,よさぐん
26,463,26463,京都府,与謝郡,,伊根町,いねちょう
26,465,26465,京都府,与謝郡,,与謝野町,よさのちょう
27,000,27000,大阪府,,,,おおさかふ
27,100,27100,大阪府,大阪市,,,おおさかし
27,102,27102,大阪府,大阪市,,都島区,みやこじまく
27,103,27103,大阪府,大阪市,,福島区,ふくしまく
27,104,27104,大阪府,大阪市,,此花区,このはなく
27,106,27106,大阪府,大阪市,,西区,にしく
27,107,27107,大阪府,大阪市,,港区,みなとく
27,108,27108,大阪府,大阪市,,大正区,たいしょうく
27,109,27109,大阪府,大阪市,,天王寺区,てんのうじく
27,111,27111,大阪府,大阪市,,浪速区,なにわく
27,113,27113,大阪府,大阪市,,西淀川区,にしよどがわく
27,114,27114,大阪府,大阪市,,東淀川区,ひがしよどがわく
27,115,27115,大阪府,大阪市,,東成区,ひがしなりく
27,116,27116,大阪府,大阪市,,生野区,いくのく
27,117,27117,大阪府,大阪市,,旭区,あさひく
27,118,27118,大阪府,大阪市,,城東区,じょうとうく
27,119,27119,大阪府,大阪市,,阿倍野区,あべのく
27,120,27120,大阪府,大阪市,,住吉区,すみよしく
27,121,27121,大阪府,大阪市,,東住吉区,ひがしすみよしく
27,122,27122,大阪府,大阪市,,西成区,にしなりく
27,123,27123,大阪府,大阪市,,淀川区,よどがわく
27,124,27124,大阪府,大阪市,,鶴見区,つるみく
27,125,27125,大阪府,大阪市,,住之江区,すみのえく
27,126,27126,大阪府,大阪市,,平野区,ひらのく
27,127,27127,大阪府,大阪市,,北区,きたく
27,128,27128,大阪府,大阪市,,中央区,ちゅうおうく
27,140,27140,大阪府,堺市,,,さかいし
27,141,27141,大阪府,堺市,,堺区,さかいく
27,142,27142,大阪府,堺市,,中区,なかく
27,143,27143,大阪府,堺市,,東区,ひがしく
27,144,27144,大阪府,堺市,,西区,にしく
27,145,27145,大阪府,堺市,,南区,みなみく
27,146,27146,大阪府,堺市,,北区,きたく
27,147,27147,大阪府,堺市,,美原区,みはらく
27,202,27202,大阪府,,,岸和田市,きしわだし
27,203,27203,大阪府,,,豊中市,とよなかし
27,204,27204,大阪府,,,池田市,いけだし
27,205,27205,大阪府,,,吹田市,すいたし
27,206,27206,大阪府,,,泉大津市,いずみおおつし
27,207,27207,大阪府,,,高槻市,たかつきし
27,208,27208,大阪府,,,貝塚市,かいづかし
27,209,27209,大阪府,,,守口市,もりぐちし
27,210,27210,大阪府,,,枚方市,ひらかたし
27,211,27211,大阪府,,,茨木市,いばらきし
27,212,27212,大阪府,,,八尾市,やおし
27,213,27213,大阪府,,,泉佐野市,いずみさのし
27,214,27214,大阪府,,,富田林市,とんだばやしし
27,215,27215,大阪府,,,寝屋川市,ねやがわし
27,216,27216,大阪府,,,河内長野市,かわちながのし
27,217,27217,大阪府,,,松原市,まつばらし
27,218,27218,大阪府,,,大東市,だいとうし
27,219,27219,大阪府,,,和泉市,いずみし
27,220,27220,大阪府,,,箕面市,みのおし
27,221,27221,大阪府,,,柏原市,かしわらし
27,222,27222,大阪府,,,羽曳野市,はびきのし
27,223,27223,大阪府,,,門真市,かどまし
27,224,27224,大阪府,,,摂津市,せっつし
27,225,27225,大阪府,,,高石市,たかいしし
27,226,27226,大阪府,,,藤井寺市,ふじいでらし
27,227,27227,大阪府,,,東大阪市,ひがしおおさかし
27,228,27228,大阪府,,,泉南市,せんなんし
27,229,27229,大阪府,,,四條畷市,しじょうなわてし
27,230,27230,大阪府,,,交野市,かたのし
27,231,27231,大阪府,,,大阪狭山市,おおさかさやまし
27,232,27232,大阪府,,,阪南市,はんなんし
27,300,27300,大阪府,三島郡,,,みしまぐん
27,301,27301,大阪府,三島郡,,島本町,しまもとちょう
27,320,27320,大阪府,豊能郡,,,とよのぐん
27,321,27321,大阪府,豊能郡,,豊能町,とよのちょう
27,322,27322,大阪府,豊能郡,,能勢町,のせちょう
27,340,27340,大阪府,泉北郡,,,せんぼくぐん
27,341,27341,大阪府,泉北郡,,忠岡町,ただおかちょう
27,360,27360,大阪府,泉南郡,,,せんなんぐん
27,361,27361,大阪府,泉南郡,,熊取町,くまとりちょう
27,362,27362,大阪府,泉南郡,,田尻町,たじりちょう
27,366,27366,大阪府,泉南郡,,岬町,みさきちょう
27,380,27380,大阪府,南河内郡,,,みなみかわちぐん
27,381,27381,大阪府,南河内郡,,太子町,たいしちょう
27,382,27382,大阪府,南河内郡,,河南町,かなんちょう
27,383,27383,大阪府,南河内郡,,千早赤阪村,ちはやあかさかむら
28,000,28000,兵庫県,,,,ひょうごけん
28,100,28100,兵庫県,神戸市,,,こうべし
28,101,28101,兵庫県,神戸市,,東灘区,ひがしなだく
28,102,28102,兵庫県,神戸市,,灘区,なだく
28,105,28105,兵庫県,神戸市,,兵庫区,ひょうごく
28,106,28106,兵庫県,神戸市,,長田区,ながたく
28,107,28107,兵庫県,神戸市,,須磨区,すまく
28,108,28108,兵庫県,神戸市,,垂水区,たるみく
28,109,28109,兵庫県,神戸市,,北区,きたく
28,110,28110,兵庫県,神戸市,,中央区,ちゅうおうく
28,111,28111,兵庫県,神戸市,,西区,にしく
28,201,28201,兵庫県,,,姫路市,ひめじし
28,202,28202,兵庫県,,,尼崎市,あまがさきし
28,203,28203,兵庫県,,,明石市,あかしし
28,204,28204,兵庫県,,,西宮市,にしのみやし
28,205,28205,兵庫県,,,洲本市,すもとし
28,206,28206,兵庫県,,,芦屋市,あしやし
28,207,28207,兵庫県,,,伊丹市,いたみし
28,208,28208,兵庫県,,,相生市,あいおいし
28,209,28209,兵庫県,,,豊岡市,とよおかし
28,210,28210,兵庫県,,,加古川市,かこがわし
28,212,28212,兵庫県,,,赤穂市,あこうし
28,213,28213,兵庫県,,,西脇市,にしわきし
28,214,28214,兵庫県,,,宝塚市,たからづかし
28,215,28215,兵庫県,,,三木市,みきし
28,216,28216,兵庫県,,,高砂市,たかさごし
28,217,28217,兵庫県,,,川西市,かわにしし
28,218,28218,兵庫県,,,小野市,おのし
28,219,28219,兵庫県,,,三田市,さんだし
28,220,28220,兵庫県,,,加西市,かさいし
28,221,28221,兵庫県,,,丹波篠山市,たんばささやまし
28,222,28222,兵庫県,,,養父市,やぶし
28,223,28223,兵庫県,,,丹波市,たんばし
28,224,28224,兵庫県,,,南あわじ市,みなみあわじし
28,225,28225,兵庫県,,,朝来市,あさごし
28,226,28226,兵庫県,,,淡路市,あわじし
28,227,28227,兵庫県,,,宍粟市,しそうし
28,228,28228,兵庫県,,,加東市,かとうし
28,229,28229,兵庫県,,,たつの市,たつのし
28,300,28300,兵庫県,川辺郡,,,かわべぐん
28,301,28301,兵庫県,川辺郡,,猪名川町,いながわちょう
28,360,28360,兵庫県,多可郡,,,たかぐん
28,365,28365,兵庫県,多可郡,,多可町,たかちょう
28,380,28380,兵庫県,加古郡,,,かこぐん
28,381,28381,兵庫県,加古郡,,稲美町,いなみちょう
28,382,28382,兵庫県,加古郡,,播磨町,はりまちょう
28,440,28440,兵庫県,神崎郡,,,かんざきぐん
28,442,28442,兵庫県,神崎郡,,市川町,いちかわちょう
28,443,28443,兵庫県,神崎郡,,福崎町,ふくさきちょう
28,446,28446,兵庫県,神崎郡,,神河町,かみかわちょう
28,460,28460,兵庫県,揖保郡,,,いぼぐん
28,464,28464,兵庫県,揖保郡,,太子町,たいしちょう
28,480,28480,兵庫県,赤穂郡,,,あこうぐん
28,481,28481,兵庫県,赤穂郡,,上郡町,かみごおりちょう
28,500,28500,兵庫県,佐用郡,,,さようぐん
28,501,28501,兵庫県,佐用郡,,佐用町,さようちょう
28,580,28580,兵庫県,美方郡,,,みかたぐん
28,585,28585,兵庫県,美方郡,,香美町,かみちょう
28,586,28586,兵庫県,美方郡,,新温泉町,しんおんせんちょう
29,000,29000,奈良県,,,,ならけん
29,201,29201,奈良県,,,奈良市,ならし
29,202,29202,奈良県,,,大和高田市,やまとたかだし
29,203,29203,奈良県,,,大和郡山市,やまとこおりやまし
29,204,29204,奈良県,,,天理市,てんりし
29,205,29205,奈良県,,,橿原市,かしはらし
29,206,29206,奈良県,,,桜井市,さくらいし
29,207,29207,奈良県,,,五條市,ごじょうし
29,208,29208,奈良県,,,御所市,ごせし
29,209,29209,奈良県,,,生駒市,いこまし
29,210,29210,奈良県,,,香芝市,かしばし
29,211,29211,奈良県,,,葛城市,かつらぎし
29,212,29212,奈良県,,,宇陀市,うだし
29,320,29320,奈良県,山辺郡,,,やまべぐん
29,322,29322,奈良県,山辺郡,,山添村,やまぞえむら
29,340,29340,奈良県,生駒郡,,,いこまぐん
29,342,29342,奈良県,生駒郡,,平群町,へぐりちょう
29,343,29343,奈良県,生駒郡,,三郷町,さんごうちょう
29,344,29344,奈良県,生駒郡,,斑鳩町,いかるがちょう
29,345,29345,奈良県,生駒郡,,安堵町,あんどちょう
29,360,29360,奈良県,磯城郡,,,しきぐん
29,361,29361,奈良県,磯城郡,,川西町,かわにしちょう
29,362,29362,奈良県,磯城郡,,三宅町,みやけちょう
29,363,29363,奈良県,磯城郡,,田原本町,たわらもとちょう
29,380,29380,奈良県,宇陀郡,,,うだぐん
29,385,29385,奈良県,宇陀郡,,曽爾村,そにむら
29,386,29386,奈良県,宇陀郡,,御杖村,みつえむら
29,400,29400,奈良県,高市郡,,,たかいちぐん
29,401,29401,奈良県,高市郡,,高取町,たかとりちょう
29,402,29402,奈良県,高市郡,,明日香村,あすかむら
29,420,29420,奈良県,北葛城郡,,,きたかつらぎぐん
29,424,29424,奈良県,北葛城郡,,上牧町,かんまきちょう
29,425,29425,奈良県,北葛城郡,,王寺町,おうじちょう
29,426,29426,奈良県,北葛城郡,,広陵町,こうりょうちょう
29,427,29427,奈良県,北葛城郡,,河合町,かわいちょう
29,440,29440,奈良県,吉野郡,,,よしのぐん
29,441,29441,奈良県,吉野郡,,吉野町,よしのちょう
29,442,29442,奈良県,吉野郡,,大淀町,おおよどちょう
29,443,29443,奈良県,吉野郡,,下市町,しもいちちょう
29,444,29444,奈良県,吉野郡,,黒滝村,くろたきむら
29,446,29446,奈良県,吉野郡,,天川村,てんかわむら
29,447,29447,奈良県,吉野郡,,野迫川村,のせがわむら
29,449,29449,奈良県,吉野郡,,十津川村,とつかわむら
29,450,29450,奈良県,吉野郡,,下北山村,しもきたやまむら
29,451,29451,奈良県,吉野郡,,上北山村,かみきたやまむら
29,452,29452,奈良県,吉野郡,,川上村,かわかみむら
29,453,29453,奈良県,吉野郡,,東吉野村,ひがしよしのむら
30,000,30000,和歌山県,,,,わかやまけん
30,201,30201,和歌山県,,,和歌山市,わかやまし
30,202,30202,和歌山県,,,海南市,かいなんし
30,203,30203,和歌山県,,,橋本市,はしもとし
30,204,30204,和歌山県,,,有田市,ありだし
30,205,30205,和歌山県,,,御坊市,ごぼうし
30,206,30206,和歌山県,,,田辺市,たなべし
30,207,30207,和歌山県,,,新宮市,しんぐうし
30,208,30208,和歌山県,,,紀の川市,きのかわし
30,209,30209,和歌山県,,,岩出市,いわでし
30,300,30300,和歌山県,海草郡,,,かいそうぐん
30,304,30304,和歌山県,海草郡,,紀美野町,きみのちょう
30,340,30340,和歌山県,伊都郡,,,いとぐん
30,341,30341,和歌山県,伊都郡,,かつらぎ町,かつらぎちょう
30,343,30343,和歌山県,伊都郡,,九度山町,くどやまちょう
30,344,30344,和歌山県,伊都郡,,高野町,こうやちょう
30,360,30360,和歌山県,有田郡,,,ありだぐん
30,361,30361,和歌山県,有田郡,,湯浅町,ゆあさちょう
30,362,30362,和歌山県,有田郡,,広川町,ひろがわちょう
30,366,30366,和歌山県,有田郡,,有田川町,ありだがわちょう
30,380,30380,和歌山県,日高郡,,,ひだかぐん
30,381,30381,和歌山県,日高郡,,美浜町,みはまちょう
30,382,30382,和歌山県,日高郡,,日高町,ひだかちょう
30,383,30383,和歌山県,日高郡,,由良町,ゆらちょう
30,390,30390,和歌山県,日高郡,,印南町,いなみちょう
30,391,30391,和歌山県,日高郡,,みなべ町,みなべちょう
30,392,30392,和歌山県,日高郡,,日高川町,ひだかがわちょう
30,400,30400,和歌山県,西牟婁郡,,,にしむろぐん
30,401,30401,和歌山県,西牟婁郡,,白浜町,しらはまちょう
30,404,30404,和歌山県,西牟婁郡,,上富田町,かみとんだちょう
30,406,30406,和歌山県,西牟婁郡,,すさみ町,すさみちょう
30,420,30420,和歌山県,東牟婁郡,,,ひがしむろぐん
30,421,30421,和歌山県,東牟婁郡,,那智勝浦町,なちかつうらちょう
30,422,30422,和歌山県,東牟婁郡,,太地町,たいじちょう
30,424,30424,和歌山県,東牟婁郡,,古座川町,こざがわちょう
30,427,30427,和歌山県,東牟婁郡,,北山村,きたやまむら
30,428,30428,和歌山県,東牟婁郡,,串本町,くしもとちょう
31,000,31000,鳥取県,,,,とっとりけん
31,201,31201,鳥取県,,,鳥取市,とっとりし
31,202,31202,鳥取県,,,米子市,よなごし
31,203,31203,鳥取県,,,倉吉市,くらよしし
31,204,31204,鳥取県,,,境港市,さかいみなとし
31,300,31300,鳥取県,岩美郡,,,いわみぐん
31,302,31302,鳥取県,岩美郡,,岩美町,いわみちょう
31,320,31320,鳥取県,八頭郡,,,やずぐん
31,325,31325,鳥取県,八頭郡,,若桜町,わかさちょう
31,328,31328,鳥取県,八頭郡,,智頭町,ちづちょう
31,329,31329,鳥取県,八頭郡,,八頭町,やずちょう
31,360,31360,鳥取県,東伯郡,,,とうはくぐん
31,364,31364,鳥取県,東伯郡,,三朝町,みささちょう
31,370,31370,鳥取県,東伯郡,,湯梨浜町,ゆりはまちょう
31,371,31371,鳥取県,東伯郡,,琴浦町,ことうらちょう
31,372,31372,鳥取県,東伯郡,,北栄町,ほくえいちょう
31,380,31380,鳥取県,西伯郡,,,さいはくぐん
31,384,31384,鳥取県,西伯郡,,日吉津村,ひえづそん
31,386,31386,鳥取県,西伯郡,,大山町,だいせんちょう
31,389,31389,鳥取県,西伯郡,,南部町,なんぶちょう
31,390,31390,鳥取県,西伯郡,,伯耆町,ほうきちょう
31,400,31400,鳥取県,日野郡,,,ひのぐん
31,401,31401,鳥取県,日野郡,,日南町,にちなんちょう
31,402,31402,鳥取県,日野郡,,日野町,ひのちょう
31,403,31403,鳥取県,日野郡,,江府町,こうふちょう
32,000,32000,島根県,,,,しまねけん
32,201,32201,島根県,,,松江市,まつえし
32,202,32202,島根県,,,浜田市,はまだし
32,203,32203,島根県,,,出雲市,いずもし
32,204,32204,島根県,,,益田市,ますだし
32,205,32205,島根県,,,大田市,おおだし
32,206,32206,島根県,,,安来市,やすぎし
32,207,32207,島根県,,,江津市,ごうつし
32,209,32209,島根県,,,雲南市,うんなんし
32,340,32340,島根県,仁多郡,,,にたぐん
32,343,32343,島根県,仁多郡,,奥出雲町,おくいずもちょう
32,380,32380,島根県,飯石郡,,,いいしぐん
32,386,32386,島根県,飯石郡,,飯南町,いいなんちょう
32,440,32440,島根県,邑智郡,,,おおちぐん
32,441,32441,島根県,邑智郡,,川本町,かわもとまち
32,448,32448,島根県,邑智郡,,美郷町,みさとちょう
32,449,32449,島根県,邑智郡,,邑南町,おおなんちょう
32,500,32500,島根県,鹿足郡,,,かのあしぐん
32,501,32501,島根県,鹿足郡,,津和野町,つわのちょう
32,505,32505,島根県,鹿足郡,,吉賀町,よしかちょう
32,520,32520,島根県,隠岐郡,,,おきぐん
32,525,32525,島根県,隠岐郡,,海士町,あまちょう
32,526,32526,島根県,隠岐郡,,西ノ島町,にしのしまちょう
32,527,32527,島根県,隠岐郡,,知夫村,ちぶむら
32,528,32528,島根県,隠岐郡,,隠岐の島町,おきのしまちょう
33,000,33000,岡山県,,,,おかやまけん
33,100,33100,岡山県,岡山市,,,おかやまし
33,101,33101,岡山県,岡山市,,北区,きたく
33,102,33102,岡山県,岡山市,,中区,なかく
33,103,33103,岡山県,岡山市,,東区,ひがしく
33,104,33104,岡山県,岡山市,,南区,みなみく
33,202,33202,岡山県,,,倉敷市,くらしきし
33,203,33203,岡山県,,,津山市,つやまし
33,204,33204,岡山県,,,玉野市,たまのし
33,205,33205,岡山県,,,笠岡市,かさおかし
33,207,33207,岡山県,,,井原市,いばらし
33,208,33208,岡山県,,,総社市,そうじゃし
33,209,33209,岡山県,,,高梁市,たかはしし
33,210,33210,岡山県,,,新見市,にいみし
33,211,33211,岡山県,,,備前市,びぜんし
33,212,33212,岡山県,,,瀬戸内市,せとうちし
33,213,33213,岡山県,,,赤磐市,あかいわし
33,214,33214,岡山県,,,真庭市,まにわし
33,215,33215,岡山県,,,美作市,みまさかし
33,216,33216,岡山県,,,浅口市,あさくちし
33,340,33340,岡山県,和気郡,,,わけぐん
33,346,33346,岡山県,和気郡,,和気町,わけちょう
33,420,33420,岡山県,都窪郡,,,つくぼぐん
33,423,33423,岡山県,都窪郡,,早島町,はやしまちょう
33,440,33440,岡山県,浅口郡,,,あさくちぐん
33,445,33445,岡山県,浅口郡,,里庄町,さとしょうちょう
33,460,33460,岡山県,小田郡,,,おだぐん
33,461,33461,岡山県,小田郡,,矢掛町,やかげちょう
33,580,33580,岡山県,真庭郡,,,まにわぐん
33,586,33586,岡山県,真庭郡,,新庄村,しんじょうそん
33,600,33600,岡山県,苫田郡,,,とまたぐん
33,606,33606,岡山県,苫田郡,,鏡野町,かがみのちょう
33,620,33620,岡山県,勝田郡,,,かつたぐん
33,622,33622,岡山県,勝田郡,,勝央町,しょうおうちょう
33,623,33623,岡山県,勝田郡,,奈義町,なぎちょう
33,640,33640,岡山県,英田郡,,,あいだぐん
33,643,33643,岡山県,英田郡,,西粟倉村,にしあわくらそん
33,660,33660,岡山県,久米郡,,,くめぐん
33,663,33663,岡山県,久米郡,,久米南町,くめなんちょう
33,666,33666,岡山県,久米郡,,美咲町,みさきちょう
33,680,33680,岡山県,加賀郡,,,かがぐん
33,681,33681,岡山県,加賀郡,,吉備中央町,きびちゅうおうちょう
34,000,34000,広島県,,,,ひろしまけん
34,100,34100,広島県,広島市,,,ひろしまし
34,101,34101,広島県,広島市,,中区,なかく
34,102,34102,広島県,広島市,,東区,ひがしく
34,103,34103,広島県,広島市,,南区,みなみく
34,104,34104,広島県,広島市,,西区,にしく
34,105,34105,広島県,広島市,,安佐南区,あさみなみく
34,106,34106,広島県,広島市,,安佐北区,あさきたく
34,107,34107,広島県,広島市,,安芸区,あきく
34,108,34108,広島県,広島市,,佐伯区,さえきく
34,202,34202,広島県,,,呉市,くれし
34,203,34203,広島県,,,竹原市,たけはらし
34,204,34204,広島県,,,三原市,みはらし
34,205,34205,広島県,,,尾道市,おのみちし
34,207,34207,広島県,,,福山市,ふくやまし
34,208,34208,広島県,,,府中市,ふちゅうし
34,209,34209,広島県,,,三次市,みよしし
34,210,34210,広島県,,,庄原市,しょうばらし
34,211,34211,広島県,,,大竹市,おおたけし
34,212,34212,広島県,,,東広島市,ひがしひろしまし
34,213,34213,広島県,,,廿日市市,はつかいちし
34,214,34214,広島県,,,安芸高田市,あきたかたし
34,215,34215,広島県,,,江田島市,えたじまし
34,300,34300,広島県,安芸郡,,,あきぐん
34,302,34302,広島県,安芸郡,,府中町,ふちゅうちょう
34,304,34304,広島県,安芸郡,,海田町,かいたちょう
34,307,34307,広島県,安芸郡,,熊野町,くまのちょう
34,309,34309,広島県,安芸郡,,坂町,さかちょう
34,360,34360,広島県,山県郡,,,やまがたぐん
34,368,34368,広島県,山県郡,,安芸太田町,あきおおたちょう
34,369,34369,広島県,山県郡,,北広島町,きたひろしまちょう
34,420,34420,広島県,豊田郡,,,とよたぐん
34,431,34431,広島県,豊田郡,,大崎上島町,おおさきかみじまちょう
34,460,34460,広島県,世羅郡,,,せらぐん
34,462,34462,広島県,世羅郡,,世羅町,せらちょう
34,540,34540,広島県,神石郡,,,じんせきぐん
34,545,34545,広島県,神石郡,,神石高原町,じんせきこうげんちょう
35,000,35000,山口県,,,,やまぐちけん
35,201,35201,山口県,,,下関市,しものせきし
35,202,35202,山口県,,,宇部市,うべし
35,203,35203,山口県,,,山口市,やまぐちし
35,204,35204,山口県,,,萩市,はぎし
35,206,35206,山口県,,,防府市,ほうふし
35,207,35207,山口県,,,下松市,くだまつし
35,208,35208,山口県,,,岩国市,いわくにし
35,210,35210,山口県,,,光市,ひかりし
35,211,35211,山口県,,,長門市,ながとし
35,212,35212,山口県,,,柳井市,やないし
35,213,35213,山口県,,,美祢市,みねし
35,215,35215,山口県,,,周南市,しゅうなんし
35,216,35216,山口県,,,山陽小野田市,さんようおのだし
35,300,35300,山口県,大島郡,,,おおしまぐん
35,305,35305,山口県,大島郡,,周防大島町,すおうおおしまちょう
35,320,35320,山口県,玖珂郡,,,くがぐん
35,321,35321,山口県,玖珂郡,,和木町,わきちょう
35,340,35340,山口県,熊毛郡,,,くまげぐん
35,341,35341,山口県,熊毛郡,,上関町,かみのせきちょう
35,343,35343,山口県,熊毛郡,,田布施町,たぶせちょう
35,344,35344,山口県,熊毛郡,,平生町,ひらおちょう
35,500,35500,山口県,阿武郡,,,あぶぐん
35,502,35502,山口県,阿武郡,,阿武町,あぶちょう
36,000,36000,徳島県,,,,とくしまけん
36,201,36201,徳島県,,,徳島市,とくしまし
36,202,36202,徳島県,,,鳴門市,なるとし
36,203,36203,徳島県,,,小松島市,こまつしまし
36,204,36204,徳島県,,,阿南市,あなんし
36,205,36205,徳島県,,,吉野川市,よしのがわし
36,206,36206,徳島県,,,阿波市,あわし
36,207,36207,徳島県,,,美馬市,みまし
36,208,36208,徳島県,,,三好市,みよしし
36,300,36300,徳島県,勝浦郡,,,かつうらぐん
36,301,36301,徳島県,勝浦郡,,勝浦町,かつうらちょう
36,302,36302,徳島県,勝浦郡,,上勝町,かみかつちょう
36,320,36320,徳島県,名東郡,,,みょうどうぐん
36,321,36321,徳島県,名東郡,,佐那河内村,さなごうちそん
36,340,36340,徳島県,名西郡,,,みょうざいぐん
36,341,36341,徳島県,名西郡,,石井町,いしいちょう
36,342,36342,徳島県,名西郡,,神山町,かみやまちょう
36,360,36360,徳島県,那賀郡,,,なかぐん
36,368,36368,徳島県,那賀郡,,那賀町,なかちょう
36,380,36380,徳島県,海部郡,,,かいふぐん
36,383,36383,徳島県,海部郡,,牟岐町,むぎちょう
36,387,36387,徳島県,海部郡,,美波町,みなみちょう
36,388,36388,徳島県,海部郡,,海陽町,かいようちょう
36,400,36400,徳島県,板野郡,,,いたのぐん
36,401,36401,徳島県,板野郡,,松茂町,まつしげちょう
36,402,36402,徳島県,板野郡,,北島町,きたじまちょう
36,403,36403,徳島県,板野郡,,藍住町,あいずみちょう
36,404,36404,徳島県,板野郡,,板野町,いたのちょう
36,405,36405,徳島県,板野郡,,上板町,かみいたちょう
36,460,36460,徳島県,美馬郡,,,みまぐん
36,468,36468,徳島県,美馬郡,,つるぎ町,つるぎちょう
36,480,36480,徳島県,三好郡,,,みよしぐん
36,489,36489,徳島県,三好郡,,東みよし町,ひがしみよしちょう
37,000,37000,香川県,,,,かがわけん
37,201,37201,香川県,,,高松市,たかまつし
37,202,37202,香川県,,,丸亀市,まるがめし
37,203,37203,香川県,,,坂出市,さかいでし
37,204,37204,香川県,,,善通寺市,ぜんつうじし
37,205,37205,香川県,,,観音寺市,かんおんじし
37,206,37206,香川県,,,さぬき市,さぬきし
37,207,37207,香川県,,,東かがわ市,ひがしかがわし
37,208,37208,香川県,,,三豊市,みとよし
37,320,37320,香川県,小豆郡,,,しょうずぐん
37,322,37322,香川県,小豆郡,,土庄町,とのしょうちょう
37,324,37324,香川県,小豆郡,,小豆島町,しょうどしまちょう
37,340,37340,香川県,木田郡,,,きたぐん
37,341,37341,香川県,木田郡,,三木町,みきちょう
37,360,37360,香川県,香川郡,,,かがわぐん
37,364,37364,香川県,香川郡,,直島町,なおしまちょう
37,380,37380,香川県,綾歌郡,,,あやうたぐん
37,386,37386,香川県,綾歌郡,,宇多津町,うたづちょう
37,387,37387,香川県,綾歌郡,,綾川町,あやがわちょう
37,400,37400,香川県,仲多度郡,,,なかたどぐん
37,403,37403,香川県,仲多度郡,,琴平町,ことひらちょう
37,404,37404,香川県,仲多度郡,,多度津町,たどつちょう
37,406,37406,香川県,仲多度郡,,まんのう町,まんのうちょう
38,000,38000,愛媛県,,,,えひめけん
38,201,38201,愛媛県,,,松山市,まつやまし
38,202,38202,愛媛県,,,今治市,いまばりし
38,203,38203,愛媛県,,,宇和島市,うわじまし
38,204,38204,愛媛県,,,八幡浜市,やわたはまし
38,205,38205,愛媛県,,,新居浜市,にいはまし
38,206,38206,愛媛県,,,西条市,さいじょうし
38,207,38207,愛媛県,,,大洲市,おおずし
38,210,38210,愛媛県,,,伊予市,いよし
38,213,38213,愛媛県,,,四国中央市,しこくちゅうおうし
38,214,38214,愛媛県,,,西予市,せいよし
38,215,38215,愛媛県,,,東温市,とうおんし
38,340,38340,愛媛県,越智郡,,,おちぐん
38,356,38356,愛媛県,越智郡,,上島町,かみじまちょう
38,380,38380,愛媛県,上浮穴郡,,,かみうけなぐん
38,386,38386,愛媛県,上浮穴郡,,久万高原町,くまこうげんちょう
38,400,38400,愛媛県,伊予郡,,,いよぐん
38,401,38401,愛媛県,伊予郡,,松前町,まさきちょう
38,402,38402,愛媛県,伊予郡,,砥部町,とべちょう
38,420,38420,愛媛県,喜多郡,,,きたぐん
38,422,38422,愛媛県,喜多郡,,内子町,うちこちょう
38,440,38440,愛媛県,西宇和郡,,,にしうわぐん
38,442,38442,愛媛県,西宇和郡,,伊方町,いかたちょう
38,480,38480,愛媛県,北宇和郡,,,きたうわぐん
38,484,38484,愛媛県,北宇和郡,,松野町,まつのちょう
38,488,38488,愛媛県,北宇和郡,,鬼北町,きほくちょう
38,500,38500,愛媛県,南宇和郡,,,みなみうわぐん
38,506,38506,愛媛県,南宇和郡,,愛南町,あいなんちょう
39,000,39000,高知県,,,,こうちけん
39,201,39201,高知県,,,高知市,こうちし
39,202,39202,高知県,,,室戸市,むろとし
39,203,39203,高知県,,,安芸市,あきし
39,204,39204,高知県,,,南国市,なんこくし
39,205,39205,高知県,,,土佐市,とさし
39,206,39206,高知県,,,須崎市,すさきし
39,208,39208,高知県,,,宿毛市,すくもし
39,209,39209,高知県,,,土佐清水市,とさしみずし
39,210,39210,高知県,,,四万十市,しまんとし
39,211,39211,高知県,,,香南市,こうなんし
39,212,39212,高知県,,,香美市,かみし
39,300,39300,高知県,安芸郡,,,あきぐん
39,301,39301,高知県,安芸郡,,東洋町,とうようちょう
39,302,39302,高知県,安芸郡,,奈半利町,なはりちょう
39,303,39303,高知県,安芸郡,,田野町,たのちょう
39,304,39304,高知県,安芸郡,,安田町,やすだちょう
39,305,39305,高知県,安芸郡,,北川村,きたがわむら
39,306,39306,高知県,安芸郡,,馬路村,うまじむら
39,307,39307,高知県,安芸郡,,芸西村,げいせいむら
39,340,39340,高知県,長岡郡,,,ながおかぐん
39,341,39341,高知県,長岡郡,,本山町,もとやまちょう
39,344,39344,高知県,長岡郡,,大豊町,おおとよちょう
39,360,39360,高知県,土佐郡,,,とさぐん
39,363,39363,高知県,土佐郡,,土佐町,とさちょう
39,364,39364,高知県,土佐郡,,大川村,おおかわむら
39,380,39380,高知県,吾川郡,,,あがわぐん
39,386,39386,高知県,吾川郡,,いの町,いのちょう
39,387,39387,高知県,吾川郡,,仁淀川町,によどがわちょう
39,400,39400,高知県,高岡郡,,,たかおかぐん
39,401,39401,高知県,高岡郡,,中土佐町,なかとさちょう
39,402,39402,高知県,高岡郡,,佐川町,さかわちょう
39,403,39403,高知県,高岡郡,,越知町,おちちょう
39,405,39405,高知県,高岡郡,,檮原町,ゆすはらちょう
39,410,39410,高知県,高岡郡,,日高村,ひだかむら
39,411,39411,高知県,高岡郡,,津野町,つのちょう
39,412,39412,高知県,高岡郡,,四万十町,しまんとちょう
39,420,39420,高知県,幡多郡,,,はたぐん
39,424,39424,高知県,幡多郡,,大月町,おおつきちょう
39,427,39427,高知県,幡多郡,,三原村,みはらむら
39,428,39428,高知県,幡多郡,,黒潮町,くろしおちょう
40,000,40000,福岡県,,,,ふくおかけん
40,100,40100,福岡県,北九州市,,,きたきゅうしゅうし
40,101,40101,福岡県,北九州市,,門司区,もじく
40,103,40103,福岡県,北九州市,,若松区,わかまつく
40,105,40105,福岡県,北九州市,,戸畑区,とばたく
40,106,40106,福岡県,北九州市,,小倉北区,こくらきたく
40,107,40107,福岡県,北九州市,,小倉南区,こくらみなみく
40,108,40108,福岡県,北九州市,,八幡東区,やはたひがしく
40,109,40109,福岡県,北九州市,,八幡西区,やはたにしく
40,130,40130,福岡県,福岡市,,,ふくおかし
40,131,40131,福岡県,福岡市,,東区,ひがしく
40,132,40132,福岡県,福岡市,,博多区,はかたく
40,133,40133,福岡県,福岡市,,中央区,ちゅうおうく
40,134,40134,福岡県,福岡市,,南区,みなみく
40,135,40135,福岡県,福岡市,,西区,にしく
40,136,40136,福岡県,福岡市,,城南区,じょうなんく
40,137,40137,福岡県,福岡市,,早良区,さわらく
40,202,40202,福岡県,,,大牟田市,おおむたし
40,203,40203,福岡県,,,久留米市,くるめし
40,204,40204,福岡県,,,直方市,のおがたし
40,205,40205,福岡県,,,飯塚市,いいづかし
40,206,40206,福岡県,,,田川市,たがわし
40,207,40207,福岡県,,,柳川市,やながわし
40,210,40210,福岡県,,,八女市,やめし
40,211,40211,福岡県,,,筑後市,ちくごし
40,212,40212,福岡県,,,大川市,おおかわし
40,213,40213,福岡県,,,行橋市,ゆくはしし
40,214,40214,福岡県,,,豊前市,ぶぜんし
40,215,40215,福岡県,,,中間市,なかまし
40,216,40216,福岡県,,,小郡市,おごおりし
40,217,40217,福岡県,,,筑紫野市,ちくしのし
40,218,40218,福岡県,,,春日市,かすがし
40,219,40219,福岡県,,,大野城市,おおのじょうし
40,220,40220,福岡県,,,宗像市,むなかたし
40,221,40221,福岡県,,,太宰府市,だざいふし
40,223,40223,福岡県,,,古賀市,こがし
40,224,40224,福岡県,,,福津市,ふくつし
40,225,40225,福岡県,,,うきは市,うきはし
40,226,40226,福岡県,,,宮若市,みやわかし
40,227,40227,福岡県,,,嘉麻市,かまし
40,228,40228,福岡県,,,朝倉市,あさくらし
40,229,40229,福岡県,,,みやま市,みやまし
40,230,40230,福岡県,,,糸島市,いとしまし
40,231,40231,福岡県,,,那珂川市,なかがわし
40,340,40340,福岡県,糟屋郡,,,かすやぐん
40,341,40341,福岡県,糟屋郡,,宇美町,うみまち
40,342,40342,福岡県,糟屋郡,,篠栗町,ささぐりまち
40,343,40343,福岡県,糟屋郡,,志免町,しめまち
40,344,40344,福岡県,糟屋郡,,須恵町,すえまち
40,345,40345,福岡県,糟屋郡,,新宮町,しんぐうまち
40,348,40348,福岡県,糟屋郡,,久山町,ひさやままち
40,349,40349,福岡県,糟屋郡,,粕屋町,かすやまち
40,380,40380,福岡県,遠賀郡,,,おんがぐん
40,381,40381,福岡県,遠賀郡,,芦屋町,あしやまち
40,382,40382,福岡県,遠賀郡,,水巻町,みずまきまち
40,383,40383,福岡県,遠賀郡,,岡垣町,おかがきまち
40,384,40384,福岡県,遠賀郡,,遠賀町,おんがちょう
40,400,40400,福岡県,鞍手郡,,,くらてぐん
40,401,40401,福岡県,鞍手郡,,小竹町,こたけまち
40,402,40402,福岡県,鞍手郡,,鞍手町,くらてまち
40,420,40420,福岡県,嘉穂郡,,,かほぐん
40,421,40421,福岡県,嘉穂郡,,桂川町,けいせんまち
40,440,40440,福岡県,朝倉郡,,,あさくらぐん
40,447,40447,福岡県,朝倉郡,,筑前町,ちくぜんまち
40,448,40448,福岡県,朝倉郡,,東峰村,とうほうむら
40,500,40500,福岡県,三井郡,,,みいぐん
40,503,40503,福岡県,三井郡,,大刀洗町,たちあらいまち
40,520,40520,福岡県,三潴郡,,,みずまぐん
40,522,40522,福岡県,三潴郡,,大木町,おおきまち
40,540,40540,福岡県,八女郡,,,やめぐん
40,544,40544,福岡県,八女郡,,広川町,ひろかわまち
40,600,40600,福岡県,田川郡,,,たがわぐん
40,601,40601,福岡県,田川郡,,香春町,かわらまち
40,602,40602,福岡県,田川郡,,添田町,そえだまち
40,604,40604,福岡県,田川郡,,糸田町,いとだまち
40,605,40605,福岡県,田川郡,,川崎町,かわさきまち
40,608,40608,福岡県,田川郡,,大任町,おおとうまち
40,609,40609,福岡県,田川郡,,赤村,あかむら
40,610,40610,福岡県,田川郡,,福智町,ふくちまち
40,620,40620,福岡県,京都郡,,,みやこぐん
40,621,40621,福岡県,京都郡,,苅田町,かんだまち
40,625,40625,福岡県,京都郡,,みやこ町,みやこまち
40,640,40640,福岡県,築上郡,,,ちくじょうぐん
40,642,40642,福岡県,築上郡,,吉富町,よしとみまち
40,646,40646,福岡県,築上郡,,上毛町,こうげまち
40,647,40647,福岡県,築上郡,,築上町,ちくじょうまち
41,000,41000,佐賀県,,,,さがけん
41,201,41201,佐賀県,,,佐賀市,さがし
41,202,41202,佐賀県,,,唐津市,からつし
41,203,41203,佐賀県,,,鳥栖市,とすし
41,204,41204,佐賀県,,,多久市,たくし
41,205,41205,佐賀県,,,伊万里市,いまりし
41,206,41206,佐賀県,,,武雄市,たけおし
41,207,41207,佐賀県,,,鹿島市,かしまし
41,208,41208,佐賀県,,,小城市,おぎし
41,209,41209,佐賀県,,,嬉野市,うれしのし
41,210,41210,佐賀県,,,神埼市,かんざきし
41,320,41320,佐賀県,神埼郡,,,かんざきぐん
41,327,41327,佐賀県,神埼郡,,吉野ヶ里町,よしのがりちょう
41,340,41340,佐賀県,三養基郡,,,みやきぐん
41,341,41341,佐賀県,三養基郡,,基山町,きやまちょう
41,345,41345,佐賀県,三養基郡,,上峰町,かみみねちょう
41,346,41346,佐賀県,三養基郡,,みやき町,みやきちょう
41,380,41380,佐賀県,東松浦郡,,,ひがしまつうらぐん
41,387,41387,佐賀県,東松浦郡,,玄海町,げんかいちょう
41,400,41400,佐賀県,西松浦郡,,,にしまつうらぐん
41,401,41401,佐賀県,西松浦郡,,有田町,ありたまち
41,420,41420,佐賀県,杵島郡,,,きしまぐん
41,423,41423,佐賀県,杵島郡,,大町町,おおまちちょう
41,424,41424,佐賀県,杵島郡,,江北町,こうほくまち
41,425,41425,佐賀県,杵島郡,,白石町,しろいしちょう
41,440,41440,佐賀県,藤津郡,,,ふじつぐん
41,441,41441,佐賀県,藤津郡,,太良町,たらちょう
42,000,42000,長崎県,,,,ながさきけん
42,201,42201,長崎県,,,長崎市,ながさきし
42,202,42202,長崎県,,,佐世保市,させぼし
42,203,42203,長崎県,,,島原市,しまばらし
42,204,42204,長崎県,,,諫早市,いさはやし
42,205,42205,長崎県,,,大村市,おおむらし
42,207,42207,長崎県,,,平戸市,ひらどし
42,208,42208,長崎県,,,松浦市,まつうらし
42,209,42209,長崎県,,,対馬市,つしまし
42,210,42210,長崎県,,,壱岐市,いきし
42,211,42211,長崎県,,,五島市,ごとうし
42,212,42212,長崎県,,,西海市,さいかいし
42,213,42213,長崎県,,,雲仙市,うんぜんし
42,214,42214,長崎県,,,南島原市,みなみしまばらし
42,300,42300,長崎県,西彼杵郡,,,にしそのぎぐん
42,307,42307,長崎県,西彼杵郡,,長与町,ながよちょう
42,308,42308,長崎県,西彼杵郡,,時津町,とぎつちょう
42,320,42320,長崎県,東彼杵郡,,,ひがしそのぎぐん
42,321,42321,長崎県,東彼杵郡,,東彼杵町,ひがしそのぎちょう
42,322,42322,長崎県,東彼杵郡,,川棚町,かわたなちょう
42,323,42323,長崎県,東彼杵郡,,波佐見町,はさみちょう
42,380,42380,長崎県,北松浦郡,,,きたまつうらぐん
42,383,42383,長崎県,北松浦郡,,小値賀町,おぢかちょう
42,391,42391,長崎県,北松浦郡,,佐々町,さざちょう
42,400,42400,長崎県,南松浦郡,,,みなみまつうらぐん
42,411,42411,長崎県,南松浦郡,,新上五島町,しんかみごとうちょう
43,000,43000,熊本県,,,,くまもとけん
43,100,43100,熊本県,熊本市,,,くまもとし
43,101,43101,熊本県,熊本市,,中央区,ちゅうおうく
43,102,43102,熊本県,熊本市,,東区,ひがしく
43,103,43103,熊本県,熊本市,,西区,にしく
43,104,43104,熊本県,熊本市,,南区,みなみく
43,105,43105,熊本県,熊本市,,北区,きたく
43,202,43202,熊本県,,,八代市,やつしろし
43,203,43203,熊本県,,,人吉市,ひとよしし
43,204,43204,熊本県,,,荒尾市,あらおし
43,205,43205,熊本県,,,水俣市,みなまたし
43,206,43206,熊本県,,,玉名市,たまなし
43,208,43208,熊本県,,,山鹿市,やまがし
43,210,43210,熊本県,,,菊池市,きくちし
43,211,43211,熊本県,,,宇土市,うとし
43,212,43212,熊本県,,,上天草市,かみあまくさし
43,213,43213,熊本県,,,宇城市,うきし
43,214,43214,熊本県,,,阿蘇市,あそし
43,215,43215,熊本県,,,天草市,あまくさし
43,216,43216,熊本県,,,合志市,こうしし
43,340,43340,熊本県,下益城郡,,,しもましきぐん
43,348,43348,熊本県,下益城郡,,美里町,みさとまち
43,360,43360,熊本県,玉名郡,,,たまなぐん
43,364,43364,熊本県,玉名郡,,玉東町,ぎょくとうまち
43,367,43367,熊本県,玉名郡,,南関町,なんかんまち
43,368,43368,熊本県,玉名郡,,長洲町,ながすまち
43,369,43369,熊本県,玉名郡,,和水町,なごみまち
43,400,43400,熊本県,菊池郡,,,きくちぐん
43,403,43403,熊本県,菊池郡,,大津町,おおづまち
43,404,43404,熊本県,菊池郡,,菊陽町,きくようまち
43,420,43420,熊本県,阿蘇郡,,,あそぐん
43,423,43423,熊本県,阿蘇郡,,南小国町,みなみおぐにまち
43,424,43424,熊本県,阿蘇郡,,小国町,おぐにまち
43,425,43425,熊本県,阿蘇郡,,産山村,うぶやまむら
43,428,43428,熊本県,阿蘇郡,,高森町,たかもりまち
43,432,43432,熊本県,阿蘇郡,,西原村,にしはらむら
43,433,43433,熊本県,阿蘇郡,,南阿蘇村,みなみあそむら
43,440,43440,熊本県,上益城郡,,,かみましきぐん
43,441,43441,熊本県,上益城郡,,御船町,みふねまち
43,442,43442,熊本県,上益城郡,,嘉島町,かしままち
43,443,43443,熊本県,上益城郡,,益城町,ましきまち
43,444,43444,熊本県,上益城郡,,甲佐町,こうさまち
43,447,43447,熊本県,上益城郡,,山都町,やまとちょう
43,460,43460,熊本県,八代郡,,,やつしろぐん
43,468,43468,熊本県,八代郡,,氷川町,ひかわちょう
43,480,43480,熊本県,葦北郡,,,あしきたぐん
43,482,43482,熊本県,葦北郡,,芦北町,あしきたまち
43,484,43484,熊本県,葦北郡,,津奈木町,つなぎまち
43,500,43500,熊本県,球磨郡,,,くまぐん
43,501,43501,熊本県,球磨郡,,錦町,にしきまち
43,505,43505,熊本県,球磨郡,,多良木町,たらぎまち
43,506,43506,熊本県,球磨郡,,湯前町,ゆのまえまち
43,507,43507,熊本県,球磨郡,,水上村,みずかみむら
43,510,43510,熊本県,球磨郡,,相良村,さがらむら
43,511,43511,熊本県,球磨郡,,五木村,いつきむら
43,512,43512,熊本県,球磨郡,,山江村,やまえむら
43,513,43513,熊本県,球磨郡,,球磨村,くまむら
43,514,43514,熊本県,球磨郡,,あさぎり町,あさぎりちょう
43,520,43520,熊本県,天草郡,,,あまくさぐん
43,531,43531,熊本県,天草郡,,苓北町,れいほくまち
44,000,44000,大分県,,,,おおいたけん
44,201,44201,大分県,,,大分市,おおいたし
44,202,44202,大分県,,,別府市,べっぷし
44,203,44203,大分県,,,中津市,なかつし
44,204,44204,大分県,,,日田市,ひたし
44,205,44205,大分県,,,佐伯市,さいきし
44,206,44206,大分県,,,臼杵市,うすきし
44,207,44207,大分県,,,津久見市,つくみし
44,208,44208,大分県,,,竹田市,たけたし
44,209,44209,大分県,,,豊後高田市,ぶんごたかだし
44,210,44210,大分県,,,杵築市,きつきし
44,211,44211,大分県,,,宇佐市,うさし
44,212,44212,大分県,,,豊後大野市,ぶんごおおのし
44,213,44213,大分県,,,由布市,ゆふし
44,214,44214,大分県,,,国東市,くにさきし
44,320,44320,大分県,東国東郡,,,ひがしくにさきぐん
44,322,44322,大分県,東国東郡,,姫島村,ひめしまむら
44,340,44340,大分県,速見郡,,,はやみぐん
44,341,44341,大分県,速見郡,,日出町,ひじまち
44,460,44460,大分県,玖珠郡,,,くすぐん
44,461,44461,大分県,玖珠郡,,九重町,ここのえまち
44,462,44462,大分県,玖珠郡,,玖珠町,くすまち
45,000,45000,宮崎県,,,,みやざきけん
45,201,45201,宮崎県,,,宮崎市,みやざきし
45,202,45202,宮崎県,,,都城市,みやこのじょうし
45,203,45203,宮崎県,,,延岡市,のべおかし
45,204,45204,宮崎県,,,日南市,にちなんし
45,205,45205,宮崎県,,,小林市,こばやしし
45,206,45206,宮崎県,,,日向市,ひゅうがし
45,207,45207,宮崎県,,,串間市,くしまし
45,208,45208,宮崎県,,,西都市,さいとし
45,209,45209,宮崎県,,,えびの市,えびのし
45,340,45340,宮崎県,北諸県郡,,,きたもろかたぐん
45,341,45341,宮崎県,北諸県郡,,三股町,みまたちょう
45,360,45360,宮崎県,西諸県郡,,,にしもろかたぐん
45,361,45361,宮崎県,西諸県郡,,高原町,たかはるちょう
45,380,45380,宮崎県,東諸県郡,,,ひがしもろかたぐん
45,382,45382,宮崎県,東諸県郡,,国富町,くにとみちょう
45,383,45383,宮崎県,東諸県郡,,綾町,あやちょう
45,400,45400,宮崎県,児湯郡,,,こゆぐん
45,401,45401,宮崎県,児湯郡,,高鍋町,たかなべちょう
45,402,45402,宮崎県,児湯郡,,新富町,しんとみちょう
45,403,45403,宮崎県,児湯郡,,西米良村,にしめらそん
45,404,45404,宮崎県,児湯郡,,木城町,きじょうちょう
45,405,45405,宮崎県,児湯郡,,川南町,かわみなみちょう
45,406,45406,宮崎県,児湯郡,,都農町,つのちょう
45,420,45420,宮崎県,東臼杵郡,,,ひがしうすきぐん
45,421,45421,宮崎県,東臼杵郡,,門川町,かどがわちょう
45,429,45429,宮崎県,東臼杵郡,,諸塚村,もろつかそん
45,430,45430,宮崎県,東臼杵郡,,椎葉村,しいばそん
45,431,45431,宮崎県,東臼杵郡,,美郷町,みさとちょう
45,440,45440,宮崎県,西臼杵郡,,,にしうすきぐん
45,441,45441,宮崎県,西臼杵郡,,高千穂町,たかちほちょう
45,442,45442,宮崎県,西臼杵郡,,日之影町,ひのかげちょう
45,443,45443,宮崎県,西臼杵郡,,五ヶ瀬町,ごかせちょう
46,000,46000,鹿児島県,,,,かごしまけん
46,201,46201,鹿児島県,,,鹿児島市,かごしまし
46,203,46203,鹿児島県,,,鹿屋市,かのやし
46,204,46204,鹿児島県,,,枕崎市,まくらざきし
46,206,46206,鹿児島県,,,阿久根市,あくねし
46,208,46208,鹿児島県,,,出水市,いずみし
46,210,46210,鹿児島県,,,指宿市,いぶすきし
46,213,46213,鹿児島県,,,西之表市,にしのおもてし
46,214,46214,鹿児島県,,,垂水市,たるみずし
46,215,46215,鹿児島県,,,薩摩川内市,さつませんだいし
46,216,46216,鹿児島県,,,日置市,ひおきし
46,217,46217,鹿児島県,,,曽於市,そおし
46,218,46218,鹿児島県,,,霧島市,きりしまし
46,219,46219,鹿児島県,,,いちき串木野市,いちきくしきのし
46,220,46220,鹿児島県,,,南さつま市,みなみさつまし
46,221,46221,鹿児島県,,,志布志市,しぶしし
46,222,46222,鹿児島県,,,奄美市,あまみし
46,223,46223,鹿児島県,,,南九州市,みなみきゅうしゅうし
46,224,46224,鹿児島県,,,伊佐市,いさし
46,225,46225,鹿児島県,,,姶良市,あいらし
46,300,46300,鹿児島県,鹿児島郡,,,かごしまぐん
46,303,46303,鹿児島県,鹿児島郡,,三島村,みしまむら
46,304,46304,鹿児島県,鹿児島郡,,十島村,としまむら
46,380,46380,鹿児島県,薩摩郡,,,さつまぐん
46,392,46392,鹿児島県,薩摩郡,,さつま町,さつまちょう
46,400,46400,鹿児島県,出水郡,,,いずみぐん
46,404,46404,鹿児島県,出水郡,,長島町,ながしまちょう
46,440,46440,鹿児島県,姶良郡,,,あいらぐん
46,452,46452,鹿児島県,姶良郡,,湧水町,ゆうすいちょう
46,460,46460,鹿児島県,曽於郡,,,そおぐん
46,468,46468,鹿児島県,曽於郡,,大崎町,おおさきちょう
46,480,46480,鹿児島県,肝属郡,,,きもつきぐん
46,482,46482,鹿児島県,肝属郡,,東串良町,ひがしくしらちょう
46,490,46490,鹿児島県,肝属郡,,錦江町,きんこうちょう
46,491,46491,鹿児島県,肝属郡,,南大隅町,みなみおおすみちょう
46,492,46492,鹿児島県,肝属郡,,肝付町,きもつきちょう
46,500,46500,鹿児島県,熊毛郡,,,くまげぐん
46,501,46501,鹿児島県,熊毛郡,,中種子町,なかたねちょう
46,502,46502,鹿児島県,熊毛郡,,南種子町,みなみたねちょう
46,505,46505,鹿児島県,熊毛郡,,屋久島町,やくしまちょう
46,520,46520,鹿児島県,大島郡,,,おおしまぐん
46,523,46523,鹿児島県,大島郡,,大和村,やまとそん
46,524,46524,鹿児島県,大島郡,,宇検村,うけんそん
46,525,46525,鹿児島県,大島郡,,瀬戸内町,せとうちちょう
46,527,46527,鹿児島県,大島郡,,龍郷町,たつごうちょう
46,529,46529,鹿児島県,大島郡,,喜界町,きかいちょう
46,530,46530,鹿児島県,大島郡,,徳之島町,とくのしまちょう
46,531,46531,鹿児島県,大島郡,,天城町,あまぎちょう
46,532,46532,鹿児島県,大島郡,,伊仙町,いせんちょう
46,533,46533,鹿児島県,大島郡,,和泊町,わどまりちょう
46,534,46534,鹿児島県,大島郡,,知名町,ちなちょう
46,535,46535,鹿児島県,大島郡,,与論町,よろんちょう
47,000,47000,沖縄県,,,,おきなわけん
47,201,47201,沖縄県,,,那覇市,なはし
47,205,47205,沖縄県,,,宜野湾市,ぎのわんし
47,207,47207,沖縄県,,,石垣市,いしがきし
47,208,47208,沖縄県,,,浦添市,うらそえし
47,209,47209,沖縄県,,,名護市,なごし
47,210,47210,沖縄県,,,糸満市,いとまんし
47,211,47211,沖縄県,,,沖縄市,おきなわし
47,212,47212,沖縄県,,,豊見城市,とみぐすくし
47,213,47213,沖縄県,,,うるま市,うるまし
47,214,47214,沖縄県,,,宮古島市,みやこじまし
47,215,47215,沖縄県,,,南城市,なんじょうし
47,300,47300,沖縄県,国頭郡,,,くにがみぐん
47,301,47301,沖縄県,国頭郡,,国頭村,くにがみそん
47,302,47302,沖縄県,国頭郡,,大宜味村,おおぎみそん
47,303,47303,沖縄県,国頭郡,,東村,ひがしそん
47,306,47306,沖縄県,国頭郡,,今帰仁村,なきじんそん
47,308,47308,沖縄県,国頭郡,,本部町,もとぶちょう
47,311,47311,沖縄県,国頭郡,,恩納村,おんなそん
47,313,47313,沖縄県,国頭郡,,宜野座村,ぎのざそん
47,314,47314,沖縄県,国頭郡,,金武町,きんちょう
47,315,47315,沖縄県,国頭郡,,伊江村,いえそん
47,320,47320,沖縄県,中頭郡,,,なかがみぐん
47,324,47324,沖縄県,中頭郡,,読谷村,よみたんそん
47,325,47325,沖縄県,中頭郡,,嘉手納町,かでなちょう
47,326,47326,沖縄県,中頭郡,,北谷町,ちゃたんちょう
47,327,47327,沖縄県,中頭郡,,北中城村,きたなかぐすくそん
47,328,47328,沖縄県,中頭郡,,中城村,なかぐすくそん
47,329,47329,沖縄県,中頭郡,,西原町,にしはらちょう
47,340,47340,沖縄県,島尻郡,,,しまじりぐん
47,348,47348,沖縄県,島尻郡,,与那原町,よなばるちょう
47,350,47350,沖縄県,島尻郡,,南風原町,はえばるちょう
47,353,47353,沖縄県,島尻郡,,渡嘉敷村,とかしきそん
47,354,47354,沖縄県,島尻郡,,座間味村,ざまみそん
47,355,47355,沖縄県,島尻郡,,粟国村,あぐにそん
47,356,47356,沖縄県,島尻郡,,渡名喜村,となきそん
47,357,47357,沖縄県,島尻郡,,南大東村,みなみだいとうそん
47,358,47358,沖縄県,島尻郡,,北大東村,きただいとうそん
47,359,47359,沖縄県,島尻郡,,伊平屋村,いへやそん
47,360,47360,沖縄県,島尻郡,,伊是名村,いぜなそん
47,361,47361,沖縄県,島尻郡,,久米島町,くめじまちょう
47,362,47362,沖縄県,島尻郡,,八重瀬町,やえせちょう
47,370,47370,沖縄県,宮古郡,,,みやこぐん
47,375,47375,沖縄県,宮古郡,,多良間村,たらまそん
47,380,47380,沖縄県,八重山郡,,,やえやまぐん
47,381,47381,沖縄県,八重山郡,,竹富町,たけとみちょう
47,382,47382,沖縄県,八重山郡,,与那国町,よなぐにちょう
